id,first_name,last_name,email,gender,ip_address,career
1,Marni,Duffell,mduffell0@miibeian.gov.cn,Agender,139.100.199.46,Actuary
2,Jorey,Kettlewell,jkettlewell1@mysql.com,Female,135.90.41.51,Human Resources Assistant III
3,Ronna,Pesticcio,rpesticcio2@com.com,Female,45.7.121.98,Marketing Assistant
4,Nadya,Somerscales,nsomerscales3@cnn.com,Female,205.143.112.115,Statistician I
5,Kipp,Chimienti,kchimienti4@plala.or.jp,Male,121.190.48.201,Assistant Manager
6,Erena,Gillimgham,egillimgham5@unicef.org,Female,124.147.224.52,Dental Hygienist
7,Cece,Waber,cwaber6@seattletimes.com,Genderfluid,206.53.80.212,General Manager
8,Carmina,Windibank,cwindibank7@washingtonpost.com,Female,136.255.230.182,Engineer II
9,Kliment,Chasemore,kchasemore8@cargocollective.com,Male,237.155.245.102,Sales Associate
10,Steven,Weekley,sweekley9@squarespace.com,Male,110.121.171.79,Human Resources Manager
11,Velvet,Saul,vsaula@hexun.com,Female,80.251.18.220,Editor
12,Janet,Dumphries,jdumphriesb@illinois.edu,Female,3.52.136.6,Programmer Analyst I
13,Melvin,Disney,mdisneyc@fotki.com,Male,64.133.4.88,Office Assistant II
14,Faber,Chilvers,fchilversd@studiopress.com,Male,135.204.202.136,Research Associate
15,Emery,Tante,etantee@cnbc.com,Male,241.225.151.204,Civil Engineer
16,Rockey,Wadworth,rwadworthf@unc.edu,Male,34.202.170.42,Office Assistant III
17,Joelynn,McGavigan,jmcgavigang@who.int,Female,30.123.216.195,VP Accounting
18,Aundrea,Kiley,akileyh@ucla.edu,Agender,98.143.97.153,Paralegal
19,Liz,Inskipp,linskippi@tripod.com,Female,127.179.142.214,Recruiter
20,Suzanna,Lower,slowerj@va.gov,Female,8.162.133.162,VP Quality Control
21,Codie,Barkworth,cbarkworthk@hao123.com,Male,69.232.188.128,Community Outreach Specialist
22,Wolf,Coolahan,wcoolahanl@google.com.au,Male,44.132.77.97,Assistant Professor
23,Georgina,De Santos,gdesantosm@last.fm,Female,161.250.28.78,VP Sales
24,Julianna,Wynch,jwynchn@buzzfeed.com,Female,18.185.63.223,Professor
25,Melesa,Fawcett,mfawcetto@icq.com,Female,145.221.198.224,Information Systems Manager
26,Cleveland,Barnes,cbarnesp@newyorker.com,Male,57.21.238.200,Structural Engineer
27,Fifine,Kentwell,fkentwellq@simplemachines.org,Female,123.205.89.153,Cost Accountant
28,Delila,Amsberger,damsbergerr@upenn.edu,Female,47.81.10.23,Database Administrator IV
29,Miller,Sheard,msheards@github.com,Male,191.172.60.226,Systems Administrator IV
30,Christin,de Copeman,cdecopemant@sohu.com,Female,184.56.103.67,Teacher
31,Karina,Jurgen,kjurgenu@cmu.edu,Agender,152.40.208.177,Office Assistant I
32,Biddie,Zellmer,bzellmerv@angelfire.com,Female,213.94.56.172,Environmental Tech
33,Bertrand,Swayton,bswaytonw@webeden.co.uk,Male,43.25.146.142,Account Coordinator
34,Parke,Manser,pmanserx@wufoo.com,Male,114.33.198.46,Senior Financial Analyst
35,Corliss,Caddan,ccaddany@google.ca,Female,177.130.241.44,Payment Adjustment Coordinator
36,Magnum,Semkins,msemkinsz@lycos.com,Male,114.135.141.34,Web Designer III
37,Laughton,Malitrott,lmalitrott10@mayoclinic.com,Male,95.21.19.114,Software Consultant
38,Wilhelmine,Hainey,whainey11@shareasale.com,Female,10.92.222.145,Engineer II
39,Shannen,Temporal,stemporal12@qq.com,Female,149.2.159.203,Social Worker
40,Link,McKilroe,lmckilroe13@answers.com,Male,127.120.204.189,Legal Assistant
41,Earle,Hastie,ehastie14@berkeley.edu,Genderfluid,1.181.238.29,Mechanical Systems Engineer
42,Lani,Eagleton,leagleton15@mlb.com,Female,9.218.128.49,Human Resources Manager
43,Dorian,Tuminini,dtuminini16@squarespace.com,Female,88.75.81.107,Senior Developer
44,Almira,Van der Hoven,avanderhoven17@nytimes.com,Genderfluid,228.223.47.129,Web Developer III
45,Dene,Densie,ddensie18@example.com,Male,39.70.246.33,Administrative Assistant I
46,Engracia,Runnacles,erunnacles19@adobe.com,Female,38.166.84.11,Biostatistician III
47,Tiphany,Shiel,tshiel1a@nifty.com,Female,202.148.68.149,Help Desk Operator
48,Minor,Bayfield,mbayfield1b@webs.com,Male,52.149.6.148,Media Manager II
49,Doloritas,Pleaden,dpleaden1c@geocities.com,Female,198.36.72.26,Statistician IV
50,Jessamyn,Eilhersen,jeilhersen1d@telegraph.co.uk,Female,185.82.182.204,Structural Analysis Engineer
51,Shayna,Moscone,smoscone1e@diigo.com,Female,40.76.104.57,Environmental Specialist
52,Vasily,Cancellor,vcancellor1f@answers.com,Male,65.22.42.74,Quality Control Specialist
53,Edlin,Muscott,emuscott1g@amazon.com,Male,236.179.166.87,Data Coordiator
54,Dorian,Murricanes,dmurricanes1h@1688.com,Agender,124.9.111.6,Accountant III
55,Perl,Vettore,pvettore1i@bbc.co.uk,Female,68.101.106.212,Dental Hygienist
56,Anneliese,Caldecott,acaldecott1j@usa.gov,Female,38.161.81.168,Payment Adjustment Coordinator
57,Mozelle,Calkin,mcalkin1k@ebay.com,Female,119.180.23.81,Office Assistant IV
58,Sheelah,Iamittii,siamittii1l@yolasite.com,Female,246.220.215.227,Mechanical Systems Engineer
59,Harley,Fortin,hfortin1m@vimeo.com,Female,248.236.250.50,Biostatistician IV
60,Demott,Newlands,dnewlands1n@4shared.com,Male,7.158.21.140,Help Desk Operator
61,Ad,Dally,adally1o@squarespace.com,Male,138.146.142.5,Software Engineer IV
62,Dorry,Norssister,dnorssister1p@friendfeed.com,Female,251.90.197.13,Operator
63,Fransisco,Jiruch,fjiruch1q@google.co.uk,Male,60.247.166.21,Accounting Assistant I
64,Berni,Burgyn,bburgyn1r@ed.gov,Female,13.63.54.66,Budget/Accounting Analyst I
65,Jesselyn,Pleace,jpleace1s@ning.com,Female,6.213.191.149,Help Desk Operator
66,Dian,Onele,donele1t@army.mil,Genderfluid,122.255.32.27,Speech Pathologist
67,Sander,Hyett,shyett1u@discovery.com,Male,27.89.255.67,Safety Technician IV
68,Jobyna,Adnet,jadnet1v@europa.eu,Female,232.202.96.192,Quality Engineer
69,Merrill,Cramphorn,mcramphorn1w@pbs.org,Female,218.62.173.224,Research Associate
70,Xenos,Cullerne,xcullerne1x@whitehouse.gov,Male,25.207.149.203,Recruiter
71,Barris,Morgan,bmorgan1y@usnews.com,Male,20.96.115.124,VP Product Management
72,Keslie,Dewdney,kdewdney1z@google.de,Female,18.53.246.6,Product Engineer
73,Melisenda,Mulhall,mmulhall20@lulu.com,Female,138.81.118.45,Paralegal
74,Seana,Brando,sbrando21@newyorker.com,Female,81.201.83.171,Office Assistant IV
75,Teddie,Fagg,tfagg22@quantcast.com,Male,103.230.219.221,Recruiter
76,Nichole,Loosely,nloosely23@howstuffworks.com,Male,70.222.0.153,Engineer III
77,Rodolfo,Eglinton,reglinton24@craigslist.org,Non-binary,35.250.197.135,VP Product Management
78,Clark,Costain,ccostain25@deviantart.com,Male,214.62.116.248,Programmer I
79,Foster,Scothern,fscothern26@last.fm,Male,248.182.86.176,Registered Nurse
80,Kristian,Sprowell,ksprowell27@jalbum.net,Male,5.142.42.43,Budget/Accounting Analyst II
81,Quintana,Purchon,qpurchon28@pbs.org,Polygender,26.232.203.157,Engineer I
82,Ambros,Mitchel,amitchel29@deviantart.com,Male,12.217.207.69,Information Systems Manager
83,Hermine,Toogood,htoogood2a@timesonline.co.uk,Female,69.110.190.6,Software Engineer II
84,Justinn,Bing,jbing2b@over-blog.com,Female,213.183.186.2,Paralegal
85,Gregor,Cham,gcham2c@ustream.tv,Male,118.8.176.53,Marketing Assistant
86,Michail,Sabban,msabban2d@oaic.gov.au,Male,170.14.89.192,Computer Systems Analyst II
87,Drusy,Roper,droper2e@fotki.com,Female,50.129.51.76,Human Resources Assistant II
88,Robina,Fricke,rfricke2f@wufoo.com,Female,3.1.18.182,Programmer III
89,Darla,MacCathay,dmaccathay2g@xinhuanet.com,Female,187.111.55.212,Marketing Assistant
90,Murry,Skip,mskip2h@google.com,Male,167.22.27.155,Automation Specialist IV
91,Eddy,MacLardie,emaclardie2i@vimeo.com,Female,104.29.208.139,Developer I
92,Lilas,Thoresbie,lthoresbie2j@sina.com.cn,Female,115.109.173.217,Senior Cost Accountant
93,Jordon,Bravery,jbravery2k@opensource.org,Male,4.142.210.118,Structural Engineer
94,Ulric,Baldree,ubaldree2l@prweb.com,Male,217.58.132.215,Administrative Assistant I
95,Magnum,Bigglestone,mbigglestone2m@usnews.com,Male,183.104.66.38,Health Coach II
96,Beverlie,Hanhard,bhanhard2n@google.pl,Female,105.32.173.17,Account Representative IV
97,Geno,Grieg,ggrieg2o@irs.gov,Male,203.36.79.109,Budget/Accounting Analyst I
98,Jillayne,Cesaric,jcesaric2p@imdb.com,Female,95.53.35.200,Occupational Therapist
99,Batholomew,Grigorescu,bgrigorescu2q@blog.com,Bigender,140.216.226.12,Professor
100,Mal,Ramelot,mramelot2r@goodreads.com,Male,135.214.150.254,Paralegal
101,Torrie,Riddle,triddle2s@webs.com,Female,225.209.102.111,Information Systems Manager
102,Paolo,Nutbeam,pnutbeam2t@wikimedia.org,Male,114.106.176.35,Information Systems Manager
103,Frederique,Wickendon,fwickendon2u@auda.org.au,Polygender,76.89.189.164,Structural Analysis Engineer
104,Marve,Wittier,mwittier2v@slashdot.org,Male,184.44.193.168,Teacher
105,Janeta,Leveridge,jleveridge2w@gmpg.org,Female,224.75.215.178,Technical Writer
106,Eveline,Haselwood,ehaselwood2x@a8.net,Female,204.85.121.236,Geologist II
107,Dalton,Ranns,dranns2y@paypal.com,Male,13.48.201.96,Registered Nurse
108,Wilbur,Nockalls,wnockalls2z@soup.io,Male,9.147.8.7,Speech Pathologist
109,Lynne,Brunone,lbrunone30@phpbb.com,Female,163.36.165.152,Senior Editor
110,Maurits,Gorst,mgorst31@wordpress.org,Male,133.62.9.129,Data Coordiator
111,Edgar,Willman,ewillman32@google.com.hk,Polygender,242.120.143.208,Food Chemist
112,Aubert,Willman,awillman33@dion.ne.jp,Male,57.246.67.172,Senior Developer
113,Wake,Summons,wsummons34@dell.com,Male,189.98.152.132,Software Engineer II
114,Lilli,Moyes,lmoyes35@senate.gov,Female,175.127.136.28,Quality Control Specialist
115,Dominick,Wason,dwason36@cbsnews.com,Male,51.183.239.3,Graphic Designer
116,Avivah,Fowley,afowley37@chron.com,Female,11.181.84.232,Senior Financial Analyst
117,Archaimbaud,Bowart,abowart38@51.la,Male,47.218.182.63,Speech Pathologist
118,Kalle,McLoughlin,kmcloughlin39@so-net.ne.jp,Male,99.39.67.162,Programmer Analyst I
119,Burg,Worrall,bworrall3a@ox.ac.uk,Male,5.126.186.31,VP Product Management
120,Tommy,Ruger,truger3b@myspace.com,Female,98.87.78.240,Geologist IV
121,Florie,Driuzzi,fdriuzzi3c@tiny.cc,Female,158.155.13.21,Biostatistician I
122,Adamo,Carreyette,acarreyette3d@telegraph.co.uk,Male,183.16.78.88,Engineer II
123,Seumas,Warwicker,swarwicker3e@cdbaby.com,Bigender,55.192.252.144,Sales Associate
124,Kenn,Hunnywell,khunnywell3f@yolasite.com,Male,112.9.204.190,VP Marketing
125,Lorry,Priver,lpriver3g@ustream.tv,Male,37.151.197.190,GIS Technical Architect
126,Susette,Trebble,strebble3h@cloudflare.com,Female,52.237.41.103,Geologist IV
127,Maurits,Ashmole,mashmole3i@youtube.com,Male,61.87.27.215,Sales Representative
128,Bernice,Rosenblatt,brosenblatt3j@businessweek.com,Female,41.161.207.84,Senior Developer
129,Manon,Sennett,msennett3k@ycombinator.com,Female,125.180.31.60,Software Engineer IV
130,Donnajean,Ruttgers,druttgers3l@samsung.com,Female,237.122.248.71,Marketing Manager
131,Haley,Grieves,hgrieves3m@yandex.ru,Genderfluid,137.30.32.65,Community Outreach Specialist
132,Toiboid,Pyvis,tpyvis3n@arizona.edu,Non-binary,49.174.21.52,Recruiting Manager
133,Bryna,Logg,blogg3o@usgs.gov,Female,192.201.103.215,Physical Therapy Assistant
134,Daryl,Pencot,dpencot3p@japanpost.jp,Female,34.182.55.113,Account Coordinator
135,Arlin,Begley,abegley3q@squidoo.com,Male,192.198.100.132,Legal Assistant
136,Nevile,Woollends,nwoollends3r@kickstarter.com,Polygender,252.79.165.122,Recruiter
137,Darsie,Fitzpatrick,dfitzpatrick3s@yahoo.co.jp,Female,15.57.111.116,Chemical Engineer
138,Pate,Batalini,pbatalini3t@about.me,Male,162.96.51.167,Sales Representative
139,Jock,Frawley,jfrawley3u@google.cn,Male,166.70.4.106,VP Quality Control
140,Ame,Odo,aodo3v@aboutads.info,Female,234.125.191.108,Recruiter
141,Madelene,Adamo,madamo3w@eepurl.com,Female,189.215.152.57,Nuclear Power Engineer
142,Humfrey,Havercroft,hhavercroft3x@nifty.com,Male,80.217.55.174,Human Resources Manager
143,Maude,Chittim,mchittim3y@reuters.com,Female,173.163.163.94,Software Test Engineer III
144,Massimo,Bottrill,mbottrill3z@forbes.com,Male,35.155.145.54,Dental Hygienist
145,Marsh,Symmers,msymmers40@comcast.net,Genderfluid,137.139.81.200,Information Systems Manager
146,Rochester,Pawelski,rpawelski41@stanford.edu,Male,186.30.148.162,Analog Circuit Design manager
147,Quinn,Moran,qmoran42@weebly.com,Female,56.139.34.197,Account Representative II
148,Husain,Witard,hwitard43@hubpages.com,Male,5.77.48.102,Office Assistant II
149,Anjanette,Jeremiah,ajeremiah44@rediff.com,Female,222.9.22.253,VP Product Management
150,Susette,Dunklee,sdunklee45@zimbio.com,Female,250.216.228.83,Senior Cost Accountant
151,Irma,Matteotti,imatteotti46@miibeian.gov.cn,Female,98.242.195.224,Geological Engineer
152,Kylynn,Peoples,kpeoples47@imdb.com,Female,165.208.232.219,Structural Analysis Engineer
153,Rona,Shorrock,rshorrock48@surveymonkey.com,Female,232.154.2.186,Geologist I
154,Cloe,Rolley,crolley49@imgur.com,Female,167.54.205.117,Senior Sales Associate
155,Dickie,Mulrenan,dmulrenan4a@berkeley.edu,Male,73.77.192.9,Software Engineer III
156,Mic,Dibley,mdibley4b@cnet.com,Male,174.51.23.242,VP Accounting
157,Towney,Lemmertz,tlemmertz4c@twitpic.com,Male,133.200.74.226,Geologist III
158,Myron,Glasson,mglasson4d@biglobe.ne.jp,Male,42.252.179.157,Office Assistant I
159,Chandal,Kinvig,ckinvig4e@slideshare.net,Female,146.16.174.234,Marketing Assistant
160,Kienan,Greenrod,kgreenrod4f@yelp.com,Male,201.239.45.154,Social Worker
161,Jeffry,Kitchinghan,jkitchinghan4g@va.gov,Male,227.203.12.148,Health Coach II
162,Vergil,Grattage,vgrattage4h@hc360.com,Male,163.160.217.29,Operator
163,Deerdre,Luxford,dluxford4i@nifty.com,Female,89.82.224.201,Business Systems Development Analyst
164,Genovera,Semble,gsemble4j@google.de,Female,200.152.113.211,Recruiter
165,Mirella,Cohn,mcohn4k@qq.com,Female,192.115.123.247,VP Sales
166,Lissy,Zoren,lzoren4l@reuters.com,Female,5.149.74.161,Financial Advisor
167,Rogers,Taffie,rtaffie4m@163.com,Male,111.114.73.134,Marketing Assistant
168,Phillis,Tough,ptough4n@dailymotion.com,Female,118.8.165.36,Structural Analysis Engineer
169,Vittorio,Itzkovitch,vitzkovitch4o@pagesperso-orange.fr,Male,60.43.165.221,Research Nurse
170,Rodina,Girardot,rgirardot4p@discovery.com,Female,70.207.107.90,Staff Scientist
171,Heda,Cavaney,hcavaney4q@buzzfeed.com,Female,114.4.187.201,Senior Cost Accountant
172,June,Sichardt,jsichardt4r@ebay.com,Female,55.29.179.246,Software Test Engineer III
173,Tiertza,Longfellow,tlongfellow4s@squidoo.com,Female,122.223.210.89,Help Desk Operator
174,Burty,Hattoe,bhattoe4t@devhub.com,Male,92.173.243.183,Quality Control Specialist
175,Ileane,Sjollema,isjollema4u@fda.gov,Female,3.166.153.53,Legal Assistant
176,Angus,Malcolm,amalcolm4v@domainmarket.com,Male,152.62.48.159,Community Outreach Specialist
177,Alvis,Fredi,afredi4w@wikia.com,Male,164.142.234.30,Marketing Assistant
178,Natasha,Burrell,nburrell4x@canalblog.com,Female,45.40.162.104,Automation Specialist I
179,Joela,Hesbrook,jhesbrook4y@ucla.edu,Female,114.218.190.95,Mechanical Systems Engineer
180,Paxton,Chicco,pchicco4z@unc.edu,Male,228.73.37.67,Research Assistant I
181,Gauthier,Dany,gdany50@discovery.com,Male,147.17.121.9,Structural Analysis Engineer
182,Rodi,Matyas,rmatyas51@zdnet.com,Female,136.38.233.164,Systems Administrator I
183,Emmery,Monckman,emonckman52@exblog.jp,Male,42.176.239.78,Project Manager
184,Emelita,Thirst,ethirst53@livejournal.com,Female,84.3.203.10,Biostatistician III
185,Annetta,Crowd,acrowd54@unicef.org,Female,207.57.136.14,Director of Sales
186,Issy,Albutt,ialbutt55@surveymonkey.com,Female,201.129.113.130,Web Designer II
187,Carolus,Cordero,ccordero56@redcross.org,Male,165.164.251.76,Physical Therapy Assistant
188,Graeme,Salla,gsalla57@bigcartel.com,Bigender,237.132.194.7,Structural Engineer
189,Allsun,Innocenti,ainnocenti58@feedburner.com,Female,131.81.107.174,Executive Secretary
190,Felicio,Berkelay,fberkelay59@whitehouse.gov,Male,249.54.125.81,Sales Associate
191,Olympia,Kas,okas5a@wordpress.org,Female,248.18.182.139,Business Systems Development Analyst
192,Emmye,Dahlman,edahlman5b@netlog.com,Female,101.175.131.192,Operator
193,Barnaby,Pudsall,bpudsall5c@diigo.com,Male,153.233.165.121,Senior Editor
194,Noah,Berrygun,nberrygun5d@prnewswire.com,Male,118.118.126.40,Structural Analysis Engineer
195,Beaufort,Form,bform5e@ycombinator.com,Male,130.196.107.27,Product Engineer
196,Carlye,Manoelli,cmanoelli5f@ehow.com,Female,116.250.66.87,Nuclear Power Engineer
197,Maddy,Ludford,mludford5g@washington.edu,Female,192.57.141.19,Technical Writer
198,Ashien,Shuter,ashuter5h@hatena.ne.jp,Female,46.100.160.82,Web Developer III
199,Brietta,Whillock,bwhillock5i@redcross.org,Female,1.5.139.66,Structural Engineer
200,Jenifer,Paskin,jpaskin5j@cnet.com,Female,83.14.110.5,Biostatistician II
201,Gnni,Ferrieres,gferrieres5k@ning.com,Female,217.150.27.254,Accounting Assistant III
202,Karlan,Garken,kgarken5l@booking.com,Polygender,103.222.214.37,Administrative Officer
203,Brigit,Everit,beverit5m@va.gov,Female,56.179.10.101,Paralegal
204,Tildi,Gouge,tgouge5n@cyberchimps.com,Female,189.13.167.114,Research Associate
205,Ezekiel,Woodstock,ewoodstock5o@usgs.gov,Male,254.223.75.126,Research Associate
206,Kingston,Nutting,knutting5p@posterous.com,Male,26.28.70.111,Statistician I
207,Fitz,Saladino,fsaladino5q@mail.ru,Male,232.117.52.202,Systems Administrator IV
208,Juan,Punter,jpunter5r@nyu.edu,Male,123.110.66.169,Data Coordiator
209,Curr,Ingerfield,cingerfield5s@gov.uk,Bigender,224.104.14.196,Sales Representative
210,Gussi,Chalke,gchalke5t@sogou.com,Female,54.178.32.223,Administrative Officer
211,Carlye,Celle,ccelle5u@redcross.org,Female,115.140.96.205,Professor
212,Lucio,Banger,lbanger5v@scribd.com,Male,100.244.58.252,Computer Systems Analyst III
213,Brina,Tweedlie,btweedlie5w@fotki.com,Female,1.50.65.36,Librarian
214,Chaddy,Marcos,cmarcos5x@state.gov,Male,104.104.35.172,Design Engineer
215,Dorelle,Kaspar,dkaspar5y@pagesperso-orange.fr,Female,112.39.38.21,Geological Engineer
216,Ursula,Bellocht,ubellocht5z@zimbio.com,Genderqueer,149.183.224.118,Professor
217,Jeno,Thomassin,jthomassin60@youku.com,Male,17.22.159.204,Sales Representative
218,Catarina,Rudram,crudram61@answers.com,Female,53.92.45.208,Statistician III
219,Hyatt,Schenfisch,hschenfisch62@usgs.gov,Genderqueer,40.131.254.87,Statistician IV
220,Sancho,Brugger,sbrugger63@reuters.com,Male,247.165.92.252,Health Coach IV
221,Ric,Allsep,rallsep64@mozilla.org,Male,63.132.7.124,Executive Secretary
222,Bradford,Hackey,bhackey65@msu.edu,Male,57.170.7.211,Account Coordinator
223,Ryley,Godier,rgodier66@google.it,Male,78.152.101.177,Marketing Manager
224,Bink,Reynold,breynold67@google.fr,Male,166.65.207.179,Nurse
225,Mattie,Pawelke,mpawelke68@51.la,Male,16.194.174.87,Social Worker
226,Darcy,Heiden,dheiden69@cyberchimps.com,Male,22.146.49.8,Geologist III
227,Eadith,Calles,ecalles6a@a8.net,Female,167.73.54.204,Assistant Manager
228,Ingaborg,Mariaud,imariaud6b@ucsd.edu,Female,195.253.7.81,Analog Circuit Design manager
229,Vicki,Melior,vmelior6c@t-online.de,Female,18.197.66.144,Web Developer I
230,Conrad,Vella,cvella6d@si.edu,Male,214.80.193.43,Editor
231,Mischa,Saffen,msaffen6e@jalbum.net,Male,171.37.101.62,Web Developer IV
232,Godfree,Vowell,gvowell6f@gov.uk,Male,204.1.239.144,Director of Sales
233,Krishna,Jefferd,kjefferd6g@fc2.com,Male,19.80.16.91,Assistant Professor
234,Marina,Cleere,mcleere6h@google.es,Female,18.131.193.193,Senior Financial Analyst
235,Tasha,Patzelt,tpatzelt6i@dailymail.co.uk,Female,16.99.83.219,Product Engineer
236,Flora,Yea,fyea6j@abc.net.au,Female,203.193.253.253,Biostatistician I
237,Aluin,Enevoldsen,aenevoldsen6k@moonfruit.com,Male,111.121.250.130,Director of Sales
238,Casie,Beeck,cbeeck6l@rambler.ru,Female,152.4.240.162,Design Engineer
239,Dukey,Melpuss,dmelpuss6m@ox.ac.uk,Male,167.129.177.98,Technical Writer
240,Avril,Barclay,abarclay6n@nationalgeographic.com,Non-binary,24.243.189.128,Sales Associate
241,Ludvig,Lowde,llowde6o@nationalgeographic.com,Male,89.194.137.107,Nurse
242,Jarrid,McLauchlin,jmclauchlin6p@nyu.edu,Male,126.247.24.247,Environmental Tech
243,Alli,Poletto,apoletto6q@jigsy.com,Female,125.119.245.146,Information Systems Manager
244,Dion,Krauss,dkrauss6r@imdb.com,Male,36.113.99.124,Director of Sales
245,Viki,Fleetham,vfleetham6s@live.com,Female,67.16.74.177,Information Systems Manager
246,Allistir,Brockbank,abrockbank6t@discovery.com,Male,244.41.97.171,Budget/Accounting Analyst IV
247,Chen,O'Sullivan,cosullivan6u@japanpost.jp,Male,122.43.250.1,Administrative Officer
248,Reynard,Thurlby,rthurlby6v@unblog.fr,Agender,234.15.139.36,Occupational Therapist
249,Selina,Dowsing,sdowsing6w@salon.com,Female,41.219.116.103,Accountant III
250,Malinde,Hevey,mhevey6x@nyu.edu,Female,197.173.250.147,Associate Professor
251,Karyl,Caustic,kcaustic6y@altervista.org,Female,201.175.236.22,Design Engineer
252,Nickolaus,Abbado,nabbado6z@nasa.gov,Male,165.203.42.11,Geologist I
253,Gracia,Connichie,gconnichie70@fema.gov,Female,151.33.71.39,Database Administrator IV
254,Charity,Fransson,cfransson71@dropbox.com,Female,60.24.207.201,Help Desk Technician
255,Xever,Meeny,xmeeny72@exblog.jp,Male,195.112.194.3,Electrical Engineer
256,Orsa,Nunes Nabarro,onunesnabarro73@techcrunch.com,Female,90.186.48.97,Tax Accountant
257,Mariellen,Latey,mlatey74@opera.com,Female,195.39.46.224,VP Quality Control
258,Orin,Beckwith,obeckwith75@huffingtonpost.com,Male,10.94.152.15,Business Systems Development Analyst
259,Starlin,Creak,screak76@ed.gov,Female,209.99.218.24,Compensation Analyst
260,Tobi,Maudett,tmaudett77@webeden.co.uk,Female,146.103.151.124,Dental Hygienist
261,Sondra,Ickov,sickov78@live.com,Female,170.170.78.113,Community Outreach Specialist
262,Cammi,Christou,cchristou79@fastcompany.com,Female,215.42.221.53,Computer Systems Analyst IV
263,Calhoun,Archanbault,carchanbault7a@myspace.com,Male,164.103.106.95,Analog Circuit Design manager
264,Andriana,Honack,ahonack7b@economist.com,Female,136.220.201.93,Account Executive
265,Winnah,Steinor,wsteinor7c@weather.com,Female,58.236.176.90,Recruiting Manager
266,Nikki,Hallows,nhallows7d@forbes.com,Female,5.183.208.123,Marketing Assistant
267,Dolph,Tinham,dtinham7e@edublogs.org,Male,223.168.3.247,Analyst Programmer
268,Basile,Bastock,bbastock7f@edublogs.org,Male,151.72.77.205,Web Developer IV
269,Caldwell,Slimon,cslimon7g@constantcontact.com,Male,68.28.29.88,Sales Associate
270,Luigi,Lonsdale,llonsdale7h@epa.gov,Male,247.99.155.125,Programmer I
271,Mattheus,Cafferty,mcafferty7i@blogtalkradio.com,Male,223.123.255.179,Registered Nurse
272,Margarette,Sasser,msasser7j@shareasale.com,Female,167.109.31.178,Sales Representative
273,Barnaby,Bilofsky,bbilofsky7k@springer.com,Male,145.184.194.152,Research Associate
274,Galen,Silcock,gsilcock7l@so-net.ne.jp,Male,33.74.18.224,Information Systems Manager
275,Frank,Biss,fbiss7m@hostgator.com,Female,59.195.69.69,Pharmacist
276,Benny,Maletratt,bmaletratt7n@vimeo.com,Female,0.168.222.189,Senior Cost Accountant
277,Rollie,McPolin,rmcpolin7o@pinterest.com,Male,90.155.237.18,GIS Technical Architect
278,Tomlin,Broschek,tbroschek7p@bigcartel.com,Male,119.111.53.100,Senior Cost Accountant
279,Cecile,Avramchik,cavramchik7q@psu.edu,Female,253.106.14.155,Physical Therapy Assistant
280,Wye,Pulham,wpulham7r@wordpress.com,Male,200.183.151.114,VP Product Management
281,Vincent,Colbourne,vcolbourne7s@ted.com,Male,169.201.64.80,Desktop Support Technician
282,Lyndsie,Norfolk,lnorfolk7t@istockphoto.com,Female,105.37.159.118,Electrical Engineer
283,Reeta,Bordessa,rbordessa7u@lulu.com,Female,74.145.240.44,Senior Sales Associate
284,Elianora,Papierz,epapierz7v@artisteer.com,Female,83.54.183.11,Electrical Engineer
285,Lotte,McAviy,lmcaviy7w@narod.ru,Female,17.219.132.242,Chemical Engineer
286,Myrah,Fayerbrother,mfayerbrother7x@wired.com,Female,124.92.204.150,Office Assistant I
287,Verney,Eyer,veyer7y@yahoo.com,Male,177.153.68.132,Physical Therapy Assistant
288,Karl,Ciepluch,kciepluch7z@microsoft.com,Male,161.194.76.230,Chemical Engineer
289,Noe,Lechelle,nlechelle80@xinhuanet.com,Male,191.207.242.142,Actuary
290,Nikolas,Callf,ncallf81@hostgator.com,Non-binary,240.247.64.64,Programmer Analyst III
291,Fabio,Baistow,fbaistow82@home.pl,Male,24.233.57.169,Automation Specialist I
292,Elston,Bamborough,ebamborough83@feedburner.com,Male,249.3.243.21,Research Associate
293,Jacqueline,Glanville,jglanville84@cbslocal.com,Female,60.100.178.140,Physical Therapy Assistant
294,Bonnie,Valero,bvalero85@naver.com,Female,10.154.147.145,Developer I
295,Frederigo,Vial,fvial86@wikispaces.com,Male,182.190.189.54,Technical Writer
296,Tybie,Pash,tpash87@google.ca,Female,163.84.182.90,Environmental Tech
297,Lyndel,Harsnipe,lharsnipe88@wired.com,Female,55.172.232.160,Quality Control Specialist
298,Richie,Parncutt,rparncutt89@amazonaws.com,Male,53.49.80.254,Account Executive
299,Zack,Stegel,zstegel8a@google.nl,Male,255.109.250.49,VP Sales
300,Guglielma,Wetwood,gwetwood8b@ycombinator.com,Female,7.239.226.41,Human Resources Assistant II
301,Jared,Carnduff,jcarnduff8c@mit.edu,Male,172.176.174.65,Staff Scientist
302,Auria,Clail,aclail8d@arstechnica.com,Female,26.81.86.123,Compensation Analyst
303,Charisse,Binham,cbinham8e@irs.gov,Female,136.208.181.187,Marketing Assistant
304,Betteanne,Gamwell,bgamwell8f@woothemes.com,Female,85.2.165.169,Senior Editor
305,Baxy,Goodier,bgoodier8g@meetup.com,Male,38.216.50.85,Payment Adjustment Coordinator
306,Sunny,Collin,scollin8h@wsj.com,Female,12.87.55.157,Civil Engineer
307,Abbe,Larrosa,alarrosa8i@reuters.com,Female,199.62.48.230,Professor
308,Leo,Sowood,lsowood8j@hao123.com,Male,175.151.123.111,Research Nurse
309,Bobby,Agglione,bagglione8k@domainmarket.com,Female,164.36.86.206,VP Accounting
310,Kennan,Skittrell,kskittrell8l@nytimes.com,Male,168.34.128.137,Help Desk Technician
311,Anetta,Philippault,aphilippault8m@eepurl.com,Female,175.37.39.106,Assistant Professor
312,Hercule,Doring,hdoring8n@amazon.co.uk,Agender,217.157.229.76,VP Marketing
313,Blythe,Inchan,binchan8o@apple.com,Female,199.47.47.235,Database Administrator III
314,Hort,Conahy,hconahy8p@un.org,Male,1.127.231.53,Speech Pathologist
315,Edmund,Deschelle,edeschelle8q@google.nl,Male,239.91.115.226,Community Outreach Specialist
316,Dunc,Deares,ddeares8r@wikispaces.com,Male,101.117.189.46,General Manager
317,Kingston,Olczak,kolczak8s@examiner.com,Male,207.49.184.231,Senior Quality Engineer
318,Celeste,Beau,cbeau8t@statcounter.com,Female,52.96.223.89,Senior Quality Engineer
319,Izaak,Kinnett,ikinnett8u@state.gov,Male,152.19.84.36,Recruiter
320,Deck,Matson,dmatson8v@ask.com,Male,184.4.182.52,Paralegal
321,Celie,Hardaker,chardaker8w@hud.gov,Female,100.100.252.217,Marketing Manager
322,Abigale,Babe,ababe8x@typepad.com,Genderqueer,186.8.60.185,Quality Control Specialist
323,Nancy,Maxstead,nmaxstead8y@ebay.com,Female,89.196.72.93,Business Systems Development Analyst
324,Camille,Pilmer,cpilmer8z@plala.or.jp,Female,78.135.150.112,Physical Therapy Assistant
325,Vladamir,Binnell,vbinnell90@simplemachines.org,Male,230.44.37.50,Geological Engineer
326,Waly,Bramich,wbramich91@example.com,Female,80.58.48.122,Marketing Assistant
327,Vail,McLagan,vmclagan92@dedecms.com,Male,193.69.214.223,Engineer I
328,Tuckie,Orteau,torteau93@samsung.com,Genderqueer,129.152.181.225,Nurse
329,Winn,Lethebridge,wlethebridge94@angelfire.com,Polygender,77.129.73.61,Director of Sales
330,Corny,Songest,csongest95@php.net,Male,95.66.143.186,Administrative Assistant IV
331,Benni,Palmer,bpalmer96@parallels.com,Female,128.3.77.109,Senior Editor
332,Aldwin,Cosely,acosely97@quantcast.com,Non-binary,174.116.30.132,Mechanical Systems Engineer
333,Rafferty,Crow,rcrow98@howstuffworks.com,Genderfluid,85.185.140.184,Engineer I
334,Byran,Steventon,bsteventon99@biglobe.ne.jp,Male,189.165.175.135,Assistant Professor
335,Jon,Esch,jesch9a@people.com.cn,Male,125.92.208.10,Geological Engineer
336,Tamera,Mariel,tmariel9b@netlog.com,Bigender,182.229.144.235,Human Resources Manager
337,Alvis,Dillamore,adillamore9c@cyberchimps.com,Non-binary,201.129.94.200,Environmental Specialist
338,Cornie,Karolovsky,ckarolovsky9d@printfriendly.com,Male,59.181.21.63,Registered Nurse
339,Jens,MacLachlan,jmaclachlan9e@wp.com,Male,41.153.244.71,Systems Administrator III
340,Clemence,Espadas,cespadas9f@e-recht24.de,Female,9.247.208.57,Civil Engineer
341,Bradley,Smartman,bsmartman9g@telegraph.co.uk,Male,58.179.212.80,Legal Assistant
342,Franklyn,Simakov,fsimakov9h@desdev.cn,Genderfluid,226.147.221.249,Registered Nurse
343,Bevan,Croot,bcroot9i@wordpress.org,Male,2.177.109.212,Sales Associate
344,Hayyim,Martijn,hmartijn9j@technorati.com,Male,218.220.183.123,Structural Analysis Engineer
345,Burt,Prescote,bprescote9k@dedecms.com,Male,138.120.240.188,Quality Control Specialist
346,Peterus,Golling,pgolling9l@epa.gov,Male,17.227.176.255,Editor
347,Morry,Daffern,mdaffern9m@ucla.edu,Male,81.171.177.214,VP Quality Control
348,Elizabet,Gresswell,egresswell9n@prlog.org,Female,133.233.129.233,Staff Scientist
349,Celesta,Gynni,cgynni9o@google.it,Genderfluid,193.30.213.126,VP Marketing
350,Roshelle,Reace,rreace9p@salon.com,Female,79.0.74.180,Marketing Manager
351,Elvin,Allabush,eallabush9q@shareasale.com,Male,244.15.153.20,Financial Analyst
352,Ralph,McPhaden,rmcphaden9r@latimes.com,Male,254.252.171.250,Engineer II
353,Leeann,Byne,lbyne9s@wp.com,Female,172.143.255.206,Sales Associate
354,Clemmy,Sellek,csellek9t@princeton.edu,Female,237.15.211.174,Recruiting Manager
355,Jamey,Dadds,jdadds9u@ning.com,Male,121.199.177.85,Internal Auditor
356,Shara,Townend,stownend9v@abc.net.au,Female,201.187.101.221,Financial Analyst
357,Nikkie,Ollerearnshaw,nollerearnshaw9w@google.es,Female,89.119.152.24,Media Manager I
358,Shepard,Dougill,sdougill9x@microsoft.com,Male,120.144.31.130,Biostatistician II
359,Hyacintha,Clowney,hclowney9y@nsw.gov.au,Female,221.47.235.10,Structural Analysis Engineer
360,Waly,Waterworth,wwaterworth9z@go.com,Female,75.104.155.15,Paralegal
361,Eve,Tennet,etenneta0@discovery.com,Female,203.154.44.234,Business Systems Development Analyst
362,Shirleen,Cliss,sclissa1@jigsy.com,Bigender,249.16.171.161,Electrical Engineer
363,Hyacinthia,Tebbit,htebbita2@icq.com,Female,216.158.79.183,Help Desk Technician
364,Evangelin,Tidbald,etidbalda3@mashable.com,Non-binary,186.222.168.32,VP Sales
365,Karlik,Turpey,kturpeya4@macromedia.com,Male,238.206.127.0,Operator
366,Elaine,Tyas,etyasa5@bravesites.com,Female,155.203.164.212,Physical Therapy Assistant
367,Gunilla,Sandercock,gsandercocka6@alexa.com,Female,38.172.240.124,Chief Design Engineer
368,Ignace,Iacopo,iiacopoa7@mayoclinic.com,Agender,104.215.111.167,Accountant I
369,Faber,Kirgan,fkirgana8@hhs.gov,Male,88.236.205.227,Community Outreach Specialist
370,Berty,Ingerman,bingermana9@prweb.com,Male,230.89.8.11,Civil Engineer
371,Mair,Chessun,mchessunaa@plala.or.jp,Female,7.124.51.94,Operator
372,Sidonnie,Castagne,scastagneab@google.it,Female,232.201.154.206,Assistant Manager
373,Shaina,Habben,shabbenac@earthlink.net,Female,58.56.221.128,Recruiter
374,Zulema,Lockless,zlocklessad@networkadvertising.org,Female,164.43.40.96,Analyst Programmer
375,Roddy,Shackle,rshackleae@google.com.br,Male,186.29.225.255,Marketing Manager
376,Lyn,Nelmes,lnelmesaf@bizjournals.com,Male,243.244.185.190,Database Administrator III
377,Ennis,Gittins,egittinsag@skype.com,Male,160.200.56.243,Sales Associate
378,Davine,O'Hederscoll,dohederscollah@jigsy.com,Female,39.132.94.14,Accounting Assistant I
379,Nanon,Buxton,nbuxtonai@dedecms.com,Female,48.250.105.110,Health Coach III
380,Wayland,Vinsen,wvinsenaj@youtu.be,Male,116.213.173.69,GIS Technical Architect
381,Corissa,Pavyer,cpavyerak@slideshare.net,Agender,215.5.236.123,Compensation Analyst
382,Morgana,Jelks,mjelksal@goo.ne.jp,Female,13.93.253.221,Mechanical Systems Engineer
383,Ashlen,Pirouet,apirouetam@si.edu,Female,17.167.218.111,Geological Engineer
384,Issy,Nortunen,inortunenan@nationalgeographic.com,Female,141.181.32.142,Analog Circuit Design manager
385,Annaliese,Skiggs,askiggsao@un.org,Female,217.115.210.48,Analog Circuit Design manager
386,Roderic,Gorke,rgorkeap@msn.com,Male,0.119.107.21,Nuclear Power Engineer
387,Genny,Glasspoole,gglasspooleaq@twitter.com,Genderqueer,68.126.168.229,Nurse Practicioner
388,Curtice,Messingham,cmessinghamar@nyu.edu,Male,166.208.128.68,Database Administrator I
389,Matteo,Kinneir,mkinneiras@ucoz.ru,Male,221.39.167.175,Recruiter
390,Ruggiero,Sawday,rsawdayat@ftc.gov,Genderqueer,95.231.127.252,Editor
391,Helena,Pentland,hpentlandau@cloudflare.com,Female,22.235.120.173,Quality Control Specialist
392,Bebe,Headan,bheadanav@unicef.org,Female,217.73.35.74,Design Engineer
393,Desdemona,Rosenfrucht,drosenfruchtaw@princeton.edu,Female,140.134.156.15,Geological Engineer
394,Win,Annion,wannionax@merriam-webster.com,Male,184.225.197.156,Dental Hygienist
395,Cassey,Spawell,cspawellay@printfriendly.com,Female,18.208.221.197,Project Manager
396,Eadmund,Geratasch,egerataschaz@tuttocitta.it,Male,234.57.178.20,Compensation Analyst
397,Gerianna,Dungey,gdungeyb0@typepad.com,Female,172.229.141.195,Developer I
398,Brucie,Wilshaw,bwilshawb1@webnode.com,Male,170.23.108.26,Senior Developer
399,Nerissa,Whenman,nwhenmanb2@statcounter.com,Female,162.131.143.83,Assistant Professor
400,Ilsa,Gethen,igethenb3@ocn.ne.jp,Female,183.75.64.251,Computer Systems Analyst II
401,Leanora,Girth,lgirthb4@a8.net,Female,203.212.168.29,Software Test Engineer III
402,Rozele,Skettles,rskettlesb5@themeforest.net,Female,252.168.226.170,VP Accounting
403,Izaak,Asplen,iasplenb6@paginegialle.it,Male,116.169.156.81,Editor
404,Ulrike,Wittey,uwitteyb7@bluehost.com,Female,64.189.185.115,VP Product Management
405,Tara,Winkworth,twinkworthb8@zimbio.com,Female,132.135.32.198,Social Worker
406,Hailee,Hrinchishin,hhrinchishinb9@facebook.com,Female,245.160.90.144,Database Administrator II
407,Brande,Horrod,bhorrodba@salon.com,Female,51.65.47.173,Marketing Manager
408,Adams,Daburn,adaburnbb@patch.com,Male,136.103.199.90,Teacher
409,Aleece,Erangey,aerangeybc@ft.com,Female,106.105.143.82,Data Coordiator
410,Latrena,Marshman,lmarshmanbd@prweb.com,Female,126.186.42.8,Help Desk Technician
411,Filberto,Smalecombe,fsmalecombebe@webmd.com,Male,38.41.125.137,Community Outreach Specialist
412,Kyla,Woodford,kwoodfordbf@netscape.com,Female,246.55.195.53,Senior Quality Engineer
413,Fan,Pymar,fpymarbg@hhs.gov,Female,255.92.12.104,Structural Analysis Engineer
414,Gilbertine,Garshore,ggarshorebh@pagesperso-orange.fr,Female,75.190.179.147,Web Designer I
415,Shermy,McCraine,smccrainebi@hao123.com,Male,71.54.18.234,Human Resources Assistant III
416,Trevor,Worsalls,tworsallsbj@taobao.com,Genderqueer,77.225.41.192,Occupational Therapist
417,Karim,Simla,ksimlabk@ucla.edu,Male,6.12.3.204,Junior Executive
418,Garwood,Gorden,ggordenbl@adobe.com,Male,62.105.139.3,Help Desk Operator
419,Margarita,Wayman,mwaymanbm@europa.eu,Female,153.81.98.174,Mechanical Systems Engineer
420,Cinnamon,Norfolk,cnorfolkbn@tumblr.com,Female,15.134.164.234,Research Assistant I
421,Jonell,Capinetti,jcapinettibo@sciencedaily.com,Female,37.38.181.77,Account Executive
422,Arvin,Glandfield,aglandfieldbp@uol.com.br,Male,17.73.252.87,Operator
423,Desmond,Hemphall,dhemphallbq@sun.com,Male,142.252.60.166,Staff Accountant IV
424,Jenni,Dachs,jdachsbr@forbes.com,Female,203.209.243.115,Media Manager II
425,Dell,Parriss,dparrissbs@cmu.edu,Male,200.120.63.62,Speech Pathologist
426,Kessiah,Corringham,kcorringhambt@about.com,Female,202.20.124.126,Clinical Specialist
427,Burty,Skehan,bskehanbu@arstechnica.com,Male,81.6.1.2,Help Desk Operator
428,Phillipp,Ashtonhurst,pashtonhurstbv@youku.com,Male,100.130.121.100,Data Coordiator
429,Reed,Reade,rreadebw@google.ca,Male,84.171.217.231,Structural Engineer
430,Kalvin,Hardisty,khardistybx@narod.ru,Male,57.205.48.132,VP Accounting
431,Tobit,Broadberry,tbroadberryby@hao123.com,Male,118.79.63.125,Software Engineer III
432,Katey,Muneely,kmuneelybz@t-online.de,Female,254.113.234.47,Editor
433,Rebekah,Deners,rdenersc0@github.io,Female,99.1.233.92,Software Consultant
434,Britta,Vegas,bvegasc1@about.me,Female,119.187.123.101,Compensation Analyst
435,Eveleen,Carnall,ecarnallc2@xinhuanet.com,Female,247.227.191.219,Director of Sales
436,Pippy,Lonsdale,plonsdalec3@amazon.com,Female,49.101.146.36,Information Systems Manager
437,Norene,McPhee,nmcpheec4@nba.com,Female,160.1.153.161,Pharmacist
438,Zacherie,Carnilian,zcarnilianc5@cbc.ca,Male,151.19.155.207,Business Systems Development Analyst
439,Marta,De Ruggiero,mderuggieroc6@cbc.ca,Female,72.75.44.61,Data Coordiator
440,Jammal,Torn,jtornc7@google.cn,Male,250.203.47.108,Tax Accountant
441,Holmes,O'Lyhane,holyhanec8@foxnews.com,Male,191.55.150.86,Web Developer I
442,Serene,Stubbs,sstubbsc9@gravatar.com,Female,62.109.231.130,Food Chemist
443,Celestina,Lionel,clionelca@360.cn,Female,166.112.35.45,Staff Accountant I
444,Ursuline,Yeats,uyeatscb@narod.ru,Female,236.8.32.50,Recruiter
445,Jamal,Gilham,jgilhamcc@tripadvisor.com,Male,178.255.129.202,Staff Accountant II
446,Joell,Poxon,jpoxoncd@hatena.ne.jp,Genderfluid,153.144.220.27,Budget/Accounting Analyst III
447,Loleta,Stitfall,lstitfallce@rediff.com,Female,166.152.229.230,Librarian
448,Tommi,Baudet,tbaudetcf@indiegogo.com,Female,29.76.122.187,Dental Hygienist
449,Anica,Siss,asisscg@foxnews.com,Female,77.162.53.209,VP Sales
450,Jolynn,Chatterton,jchattertonch@sina.com.cn,Female,215.106.53.81,Actuary
451,Hanni,Grunguer,hgrunguerci@unblog.fr,Female,103.2.239.117,Registered Nurse
452,Marney,Snowdon,msnowdoncj@macromedia.com,Female,21.88.14.203,Administrative Assistant IV
453,Emmet,McQuarrie,emcquarrieck@washingtonpost.com,Male,207.168.185.57,Legal Assistant
454,Almire,Jeffreys,ajeffreyscl@google.co.uk,Female,92.216.175.161,Senior Financial Analyst
455,Breanne,Veevers,bveeverscm@flickr.com,Genderqueer,155.107.188.7,Programmer II
456,Tobey,Weber,twebercn@marketwatch.com,Female,36.215.225.51,Human Resources Manager
457,Sascha,Deinert,sdeinertco@google.it,Male,90.170.233.194,Chemical Engineer
458,Jay,Van der Krui,jvanderkruicp@usnews.com,Male,203.66.45.49,Geologist IV
459,Herc,Harcase,hharcasecq@upenn.edu,Male,217.2.249.38,Occupational Therapist
460,West,Eccott,weccottcr@ebay.co.uk,Male,128.129.26.217,Food Chemist
461,Matthaeus,Peterson,mpetersoncs@zimbio.com,Male,210.42.246.156,Chief Design Engineer
462,Noella,Morstatt,nmorstattct@washingtonpost.com,Female,73.172.141.81,Chief Design Engineer
463,Faunie,Butrimovich,fbutrimovichcu@cisco.com,Female,133.67.132.146,Media Manager I
464,Jilli,Cassel,jcasselcv@cdbaby.com,Female,89.101.12.161,Graphic Designer
465,Tuesday,Sheal,tshealcw@dailymotion.com,Female,66.113.200.199,Compensation Analyst
466,Clyde,Gillum,cgillumcx@artisteer.com,Male,219.138.145.101,Programmer I
467,Siegfried,Fellis,sfelliscy@abc.net.au,Male,100.45.141.253,GIS Technical Architect
468,Tatum,Drummer,tdrummercz@posterous.com,Bigender,101.251.181.132,Analyst Programmer
469,Katinka,Cowerd,kcowerdd0@themeforest.net,Female,114.232.123.112,Actuary
470,Constance,Sleightholm,csleightholmd1@nytimes.com,Female,177.145.157.67,Account Representative II
471,Homerus,Ouldcott,houldcottd2@chronoengine.com,Male,26.237.136.238,Software Test Engineer IV
472,Bartholomeo,Elward,belwardd3@friendfeed.com,Male,78.3.145.51,VP Product Management
473,Pansie,Tidey,ptideyd4@mysql.com,Female,175.115.208.134,Occupational Therapist
474,Adriane,Tegeller,ategellerd5@shareasale.com,Female,123.165.209.147,Senior Sales Associate
475,Reese,Chelsom,rchelsomd6@nba.com,Male,103.241.73.67,Project Manager
476,Tobye,Chedgey,tchedgeyd7@huffingtonpost.com,Female,221.112.186.43,Engineer IV
477,Afton,Staden,astadend8@surveymonkey.com,Female,12.93.239.95,VP Quality Control
478,Sharity,Irnys,sirnysd9@tripod.com,Female,203.215.105.82,Chief Design Engineer
479,Agneta,Kaasman,akaasmanda@networksolutions.com,Female,101.185.138.69,Statistician III
480,Murial,Mickleburgh,mmickleburghdb@si.edu,Female,118.150.39.2,Assistant Media Planner
481,Noach,Scothorn,nscothorndc@cnet.com,Male,168.217.73.108,Chemical Engineer
482,Jessee,Jeaycock,jjeaycockdd@thetimes.co.uk,Male,219.180.190.112,Desktop Support Technician
483,Eugene,Biaggiotti,ebiaggiottide@yellowpages.com,Male,46.99.29.130,Computer Systems Analyst II
484,Aubrette,De Ambrosis,adeambrosisdf@earthlink.net,Female,2.152.122.53,Occupational Therapist
485,Tracy,Riccardi,triccardidg@tripod.com,Male,197.59.116.13,Administrative Officer
486,Frasco,Collerd,fcollerddh@cpanel.net,Male,7.238.93.16,Community Outreach Specialist
487,Tadio,Murrish,tmurrishdi@opera.com,Male,103.188.251.151,Biostatistician I
488,Crin,Dowtry,cdowtrydj@geocities.jp,Female,171.138.75.63,Director of Sales
489,Mela,Springett,mspringettdk@goo.gl,Female,203.172.105.208,Legal Assistant
490,Felice,Phorsby,fphorsbydl@amazonaws.com,Female,201.16.7.50,VP Sales
491,Christoph,Kirdsch,ckirdschdm@posterous.com,Male,18.58.148.34,Junior Executive
492,Gorden,Delacourt,gdelacourtdn@baidu.com,Male,48.82.202.192,Nurse
493,Annabel,Fulleylove,afulleylovedo@yale.edu,Female,92.84.28.209,Dental Hygienist
494,Weylin,McCreath,wmccreathdp@spotify.com,Male,185.158.18.6,Tax Accountant
495,Patricia,Eckels,peckelsdq@nbcnews.com,Female,202.235.173.194,Human Resources Manager
496,Kyla,Jozefiak,kjozefiakdr@icq.com,Female,218.90.224.44,Editor
497,Noni,Casella,ncasellads@github.com,Female,8.151.255.89,Assistant Media Planner
498,Kiersten,Kobiela,kkobieladt@amazon.co.jp,Female,42.13.1.150,Accounting Assistant IV
499,Bevon,Conws,bconwsdu@sciencedirect.com,Male,144.209.60.85,Office Assistant IV
500,Nerte,Capstake,ncapstakedv@tumblr.com,Female,191.175.9.208,Occupational Therapist
501,Raphaela,Hazelton,rhazeltondw@amazon.co.jp,Non-binary,88.84.7.250,VP Marketing
502,Alfy,Ianitti,aianittidx@google.com.br,Female,186.248.132.59,Social Worker
503,Maddy,Mulvihill,mmulvihilldy@ocn.ne.jp,Male,162.251.157.198,Help Desk Operator
504,Lazare,Pedroni,lpedronidz@army.mil,Polygender,33.4.72.34,Librarian
505,Cherise,Dimitrov,cdimitrove0@chron.com,Female,102.162.95.169,Staff Accountant I
506,Leshia,Antoniak,lantoniake1@nymag.com,Female,85.142.152.51,Assistant Media Planner
507,Smitty,Fettes,sfettese2@plala.or.jp,Male,53.55.200.54,Human Resources Assistant IV
508,Tyson,Falconar,tfalconare3@tripadvisor.com,Male,253.181.102.180,Marketing Manager
509,Kareem,Larkkem,klarkkeme4@patch.com,Male,144.70.96.22,Nurse Practicioner
510,Edmon,Isac,eisace5@mashable.com,Male,190.7.172.217,Quality Control Specialist
511,Merrili,Attoe,mattoee6@hp.com,Female,115.16.110.153,Librarian
512,Nickolaus,Giraudeau,ngiraudeaue7@vkontakte.ru,Male,227.27.228.158,Office Assistant II
513,Abagail,Bailes,abailese8@youtube.com,Female,242.99.93.39,Health Coach III
514,Adham,Gulley,agulleye9@google.es,Male,243.32.35.25,VP Sales
515,Antonio,Sallinger,asallingerea@comcast.net,Male,204.157.93.133,Research Assistant III
516,Dory,Ingerson,dingersoneb@blogspot.com,Female,15.39.218.1,Paralegal
517,Christin,Cattrell,ccattrellec@boston.com,Female,24.81.102.64,Biostatistician II
518,Stephan,Sayward,ssaywarded@imgur.com,Male,197.141.158.38,Design Engineer
519,Monique,Barrat,mbarratee@mysql.com,Female,162.124.34.173,Project Manager
520,Northrup,Bodechon,nbodechonef@buzzfeed.com,Bigender,123.4.11.24,Technical Writer
521,Buffy,Rodbourne,brodbourneeg@about.com,Female,61.183.194.160,VP Product Management
522,Marena,Napper,mnappereh@wired.com,Female,37.24.202.139,Food Chemist
523,Clemente,Manna,cmannaei@bizjournals.com,Male,211.119.20.41,Analog Circuit Design manager
524,Yulma,Allward,yallwardej@prweb.com,Male,73.102.41.68,Social Worker
525,Julia,Quixley,jquixleyek@etsy.com,Female,230.212.22.1,Administrative Assistant II
526,Leola,Settle,lsettleel@github.com,Bigender,252.199.77.230,Food Chemist
527,Robinett,Haydock,rhaydockem@sakura.ne.jp,Female,77.37.39.127,Administrative Assistant I
528,Tessi,Cruce,tcruceen@webeden.co.uk,Female,96.230.201.83,General Manager
529,Roma,Bohey,rboheyeo@163.com,Male,63.173.205.168,Help Desk Operator
530,Sosanna,Sponton,sspontonep@wufoo.com,Female,224.65.214.19,Office Assistant II
531,Naoma,Genge,ngengeeq@sohu.com,Female,43.19.139.158,Librarian
532,Legra,Buttle,lbuttleer@nymag.com,Female,177.46.4.8,Chief Design Engineer
533,Quinn,Ector,qectores@mysql.com,Male,82.98.221.27,Office Assistant I
534,Fredi,Sprowson,fsprowsonet@clickbank.net,Female,239.85.233.230,Civil Engineer
535,Bartholemy,Tann,btanneu@cafepress.com,Male,26.107.179.1,Geological Engineer
536,Katya,Gonet,kgonetev@reuters.com,Female,131.112.177.132,Administrative Officer
537,Connie,Lambart,clambartew@hubpages.com,Male,53.126.101.77,Statistician II
538,Flossy,Idill,fidillex@mapy.cz,Female,169.232.189.122,Cost Accountant
539,Antonie,Wardall,awardalley@google.nl,Female,99.89.69.178,Senior Developer
540,Sharai,Fardon,sfardonez@xinhuanet.com,Female,47.108.49.38,Accountant IV
541,Helaina,Barff,hbarfff0@twitter.com,Female,174.24.51.209,Mechanical Systems Engineer
542,Alley,Dobbins,adobbinsf1@etsy.com,Male,1.11.46.88,Financial Analyst
543,Caddric,Jeannesson,cjeannessonf2@google.com.hk,Male,3.163.139.100,Sales Associate
544,Chev,Whitewood,cwhitewoodf3@blinklist.com,Male,132.84.191.87,Safety Technician III
545,Othelia,Macartney,omacartneyf4@phoca.cz,Female,6.124.92.145,Information Systems Manager
546,Starlin,Flatt,sflattf5@howstuffworks.com,Female,221.107.228.3,Clinical Specialist
547,Demott,Woodrow,dwoodrowf6@quantcast.com,Bigender,9.99.181.13,Human Resources Assistant IV
548,Violette,Abrehart,vabrehartf7@accuweather.com,Female,42.86.127.212,Civil Engineer
549,Dorolice,Tinner,dtinnerf8@paypal.com,Female,4.22.41.153,Developer II
550,Alfi,Guise,aguisef9@ihg.com,Female,32.85.22.70,Database Administrator III
551,Lazarus,Maddicks,lmaddicksfa@rediff.com,Male,207.73.104.173,Chief Design Engineer
552,Nat,Huyton,nhuytonfb@thetimes.co.uk,Female,89.190.2.97,Automation Specialist III
553,Inglebert,Bagnell,ibagnellfc@elegantthemes.com,Male,156.217.203.178,Budget/Accounting Analyst III
554,Ignacio,Stiggers,istiggersfd@nydailynews.com,Male,171.69.56.56,Electrical Engineer
555,Juli,Sandall,jsandallfe@arstechnica.com,Female,29.87.155.71,Technical Writer
556,Guss,Kovalski,gkovalskiff@mapy.cz,Male,62.210.149.223,Programmer Analyst III
557,Lucais,Valentinetti,lvalentinettifg@w3.org,Non-binary,45.178.35.236,Accountant IV
558,Alejandro,Labin,alabinfh@ask.com,Male,186.116.156.4,Director of Sales
559,Murielle,Duckels,mduckelsfi@free.fr,Female,77.170.62.227,Administrative Assistant III
560,Shantee,Booler,sboolerfj@ox.ac.uk,Female,213.67.47.154,Geologist II
561,Arnuad,Francie,afranciefk@uiuc.edu,Polygender,182.232.93.79,Legal Assistant
562,Robin,O'Kinedy,rokinedyfl@theguardian.com,Bigender,203.184.98.202,Marketing Assistant
563,Reade,Giffen,rgiffenfm@icio.us,Male,30.117.203.51,Research Associate
564,Cullin,Chatin,cchatinfn@wufoo.com,Male,228.192.83.236,VP Product Management
565,Trudey,Di Pietro,tdipietrofo@gizmodo.com,Bigender,81.86.51.238,Geological Engineer
566,Sebastiano,Dockree,sdockreefp@livejournal.com,Male,177.119.179.62,Design Engineer
567,Cary,Nicol,cnicolfq@soundcloud.com,Male,166.41.209.46,Analog Circuit Design manager
568,Malinda,Hadingham,mhadinghamfr@who.int,Female,73.99.27.113,Civil Engineer
569,Towny,Sherbourne,tsherbournefs@upenn.edu,Male,77.169.180.113,Statistician I
570,Mead,Dewicke,mdewickeft@list-manage.com,Male,85.51.15.243,Computer Systems Analyst IV
571,Eudora,Arden,eardenfu@marriott.com,Female,187.162.103.206,Statistician IV
572,Kerrin,Dohr,kdohrfv@npr.org,Female,118.184.64.214,Social Worker
573,Brooke,Merill,bmerillfw@fotki.com,Male,196.55.202.148,Developer IV
574,Caleb,Rolinson,crolinsonfx@dropbox.com,Male,212.206.95.72,Senior Editor
575,Merell,Cumberledge,mcumberledgefy@fda.gov,Male,23.138.28.147,Business Systems Development Analyst
576,Griz,Deeprose,gdeeprosefz@shareasale.com,Male,230.90.32.226,Statistician II
577,Taffy,Vittel,tvittelg0@alibaba.com,Non-binary,146.238.91.96,Recruiting Manager
578,Gardner,Ovanesian,govanesiang1@rediff.com,Male,168.205.225.169,Geological Engineer
579,Mariann,Cowderoy,mcowderoyg2@netlog.com,Female,41.202.76.61,Internal Auditor
580,Rogers,Cubuzzi,rcubuzzig3@mayoclinic.com,Male,106.64.227.18,Community Outreach Specialist
581,Kimbra,Scaplehorn,kscaplehorng4@dailymotion.com,Female,41.128.183.40,Speech Pathologist
582,Vevay,Gutteridge,vgutteridgeg5@spotify.com,Female,21.222.210.248,Social Worker
583,Donnell,Lewis,dlewisg6@timesonline.co.uk,Male,182.118.189.54,Research Assistant IV
584,Harper,Bute,hbuteg7@exblog.jp,Male,163.191.180.72,Administrative Officer
585,Chiquita,Janaway,cjanawayg8@jiathis.com,Polygender,115.122.97.67,Senior Developer
586,Cleveland,Mebius,cmebiusg9@senate.gov,Male,123.57.83.200,Marketing Manager
587,Heda,Trow,htrowga@google.nl,Female,169.2.106.83,Computer Systems Analyst IV
588,Marieann,Nicklen,mnicklengb@behance.net,Female,238.229.6.56,GIS Technical Architect
589,Aland,Ellyatt,aellyattgc@naver.com,Male,156.218.119.44,Civil Engineer
590,Wilmar,Caldecutt,wcaldecuttgd@hud.gov,Male,221.152.245.181,Information Systems Manager
591,Gillan,Burnside,gburnsidege@wikia.com,Female,80.121.226.188,Accountant IV
592,Jess,Tompsett,jtompsettgf@ow.ly,Male,38.67.189.122,Sales Associate
593,Fin,Crippen,fcrippengg@phoca.cz,Male,170.157.34.162,Registered Nurse
594,Yank,Rasell,yrasellgh@goodreads.com,Male,118.215.91.48,Internal Auditor
595,Mariska,Jakaway,mjakawaygi@examiner.com,Female,38.182.191.68,Biostatistician IV
596,Gustaf,Cryer,gcryergj@newyorker.com,Male,127.69.126.42,Social Worker
597,Petr,Tootin,ptootingk@omniture.com,Male,110.187.162.74,Assistant Professor
598,Sidonnie,Yggo,syggogl@washington.edu,Female,252.206.131.233,Design Engineer
599,Gauthier,Gladhill,ggladhillgm@parallels.com,Male,125.76.64.24,Analog Circuit Design manager
600,Jeni,Witcher,jwitchergn@1688.com,Polygender,50.135.128.84,Analyst Programmer
601,Liam,Petschel,lpetschelgo@tinypic.com,Male,253.106.123.20,Occupational Therapist
602,Pauli,Dalgliesh,pdalglieshgp@paypal.com,Female,123.69.33.119,Research Assistant IV
603,Christal,Collcott,ccollcottgq@ed.gov,Female,223.48.252.35,Health Coach II
604,Leanna,Oxenham,loxenhamgr@imdb.com,Female,119.3.117.28,Senior Sales Associate
605,Rois,Bompass,rbompassgs@ow.ly,Female,63.1.26.66,Geologist IV
606,Westleigh,Billinge,wbillingegt@hugedomains.com,Male,145.246.94.134,Account Coordinator
607,Helli,Evens,hevensgu@xinhuanet.com,Female,244.0.9.179,Accounting Assistant II
608,Trueman,Klimsch,tklimschgv@xinhuanet.com,Male,124.44.104.95,Quality Control Specialist
609,Fraser,Flisher,fflishergw@exblog.jp,Polygender,142.73.28.77,VP Quality Control
610,Janna,Ansley,jansleygx@foxnews.com,Female,32.241.164.194,Web Developer III
611,Kelby,Devey,kdeveygy@comsenz.com,Male,157.249.122.20,Staff Accountant II
612,Koo,Benard,kbenardgz@bigcartel.com,Female,160.118.139.204,Chemical Engineer
613,Felecia,Huikerby,fhuikerbyh0@hubpages.com,Female,33.108.157.199,Design Engineer
614,Kat,Gerssam,kgerssamh1@tmall.com,Female,196.173.22.182,Assistant Professor
615,Genni,Fuentes,gfuentesh2@independent.co.uk,Female,150.211.19.164,Social Worker
616,Beverlee,Scarratt,bscarratth3@harvard.edu,Female,72.142.176.174,Help Desk Technician
617,Adrianne,Bourchier,abourchierh4@deviantart.com,Polygender,220.123.79.65,Design Engineer
618,Lambert,Ivison,livisonh5@chronoengine.com,Genderfluid,219.172.159.161,Chief Design Engineer
619,Shelby,Dornan,sdornanh6@addtoany.com,Female,78.26.244.62,Technical Writer
620,Liana,Worsall,lworsallh7@ucoz.ru,Female,222.147.171.181,Tax Accountant
621,Vernen,Tyrrell,vtyrrellh8@posterous.com,Male,67.162.133.218,Account Coordinator
622,Sarajane,Concklin,sconcklinh9@com.com,Bigender,73.5.113.102,Account Coordinator
623,Cris,Rubinsztein,crubinszteinha@xinhuanet.com,Female,75.86.83.239,Geologist III
624,Gustie,Bletsoe,gbletsoehb@surveymonkey.com,Female,245.55.126.77,Electrical Engineer
625,Randell,McNuff,rmcnuffhc@people.com.cn,Male,54.221.254.188,Software Consultant
626,Appolonia,Sucre,asucrehd@intel.com,Agender,238.107.22.99,GIS Technical Architect
627,Betty,Getsham,bgetshamhe@storify.com,Female,10.235.70.57,Health Coach IV
628,Giffie,Gommes,ggommeshf@sohu.com,Male,45.50.2.40,Recruiter
629,Duffie,Buddington,dbuddingtonhg@unesco.org,Male,94.250.221.140,Dental Hygienist
630,Paula,Thompsett,pthompsetthh@examiner.com,Genderqueer,34.67.233.106,Food Chemist
631,Myra,Pelosi,mpelosihi@scientificamerican.com,Female,120.110.255.15,Marketing Manager
632,Bartholomeo,Tolemache,btolemachehj@nytimes.com,Male,98.72.50.186,Assistant Manager
633,Hermie,Romney,hromneyhk@pinterest.com,Male,182.54.121.170,Environmental Specialist
634,Jesse,Winsiowiecki,jwinsiowieckihl@baidu.com,Female,10.127.162.134,Account Executive
635,Othilie,Gregg,ogregghm@purevolume.com,Female,42.142.75.1,Account Executive
636,Buck,Akehurst,bakehursthn@paypal.com,Polygender,207.9.39.133,Environmental Specialist
637,Jeremiah,Skoughman,jskoughmanho@liveinternet.ru,Male,203.250.225.167,Geologist II
638,Jessika,Carrabott,jcarrabotthp@berkeley.edu,Female,38.145.118.39,Civil Engineer
639,Salomon,Feavers,sfeavershq@noaa.gov,Male,85.249.10.31,Tax Accountant
640,Sal,Hannent,shannenthr@marketwatch.com,Male,18.124.235.20,Chief Design Engineer
641,Van,Pennick,vpennickhs@sohu.com,Female,19.23.242.240,VP Marketing
642,Reed,Van der Hoeven,rvanderhoevenht@imageshack.us,Male,202.234.179.162,Sales Representative
643,Kliment,Towsey,ktowseyhu@google.nl,Male,85.40.57.58,Community Outreach Specialist
644,Dilan,Dankersley,ddankersleyhv@wufoo.com,Genderfluid,22.215.207.249,Registered Nurse
645,Carter,Griffiths,cgriffithshw@uol.com.br,Male,95.58.42.128,Biostatistician II
646,Penelope,Bernot,pbernothx@e-recht24.de,Female,71.244.227.202,Dental Hygienist
647,Tye,Lorenc,tlorenchy@independent.co.uk,Male,65.105.154.104,Physical Therapy Assistant
648,Gilda,Blaksley,gblaksleyhz@jugem.jp,Female,66.128.176.115,Teacher
649,Waiter,Please,wpleasei0@addthis.com,Male,163.226.190.9,Quality Engineer
650,Kort,Allans,kallansi1@alexa.com,Male,77.84.63.90,Statistician III
651,Joyann,Kahane,jkahanei2@upenn.edu,Female,156.16.224.78,Information Systems Manager
652,Erwin,Huet,ehueti3@imageshack.us,Male,164.232.123.236,Computer Systems Analyst IV
653,Tera,Oxnam,toxnami4@elegantthemes.com,Female,246.2.167.14,Quality Engineer
654,Leupold,Duigenan,lduigenani5@exblog.jp,Genderfluid,105.156.240.119,Social Worker
655,Emmalynne,Jurgensen,ejurgenseni6@paginegialle.it,Female,142.45.210.198,Senior Quality Engineer
656,Baudoin,Newey,bneweyi7@prweb.com,Male,20.21.60.109,Developer I
657,Gianni,Sage,gsagei8@joomla.org,Male,53.6.104.216,Actuary
658,Ameline,Throughton,athroughtoni9@istockphoto.com,Female,150.105.17.0,Office Assistant I
659,Alis,L'Episcopi,alepiscopiia@alexa.com,Female,55.1.83.32,Electrical Engineer
660,Fowler,Broader,fbroaderib@bloglines.com,Male,188.166.209.8,Paralegal
661,Boyce,Pomeroy,bpomeroyic@hc360.com,Male,168.107.211.234,Media Manager I
662,Lind,Moorton,lmoortonid@jalbum.net,Male,142.241.187.140,Marketing Assistant
663,Maximilianus,Trahearn,mtrahearnie@noaa.gov,Male,203.99.55.248,Financial Analyst
664,Norry,Kornalik,nkornalikif@ning.com,Female,69.8.155.78,Data Coordiator
665,Zahara,Thring,zthringig@blinklist.com,Female,67.34.88.247,Accounting Assistant I
666,Gar,Boatright,gboatrightih@ted.com,Male,82.174.149.70,Sales Representative
667,Matty,Lockett,mlockettii@privacy.gov.au,Female,157.172.184.152,Research Assistant I
668,Connie,Georgot,cgeorgotij@google.nl,Agender,125.241.39.229,Media Manager II
669,Melvyn,Circuitt,mcircuittik@ftc.gov,Male,26.87.139.106,Community Outreach Specialist
670,Quinn,Hannond,qhannondil@bigcartel.com,Agender,184.198.75.156,Recruiting Manager
671,Trent,Patershall,tpatershallim@japanpost.jp,Male,232.88.3.206,Staff Scientist
672,Luciana,Mably,lmablyin@nbcnews.com,Female,234.63.156.109,Human Resources Assistant III
673,Chickie,Goosnell,cgoosnellio@youtube.com,Female,61.2.242.49,Graphic Designer
674,Levin,Batch,lbatchip@un.org,Male,60.108.47.99,VP Accounting
675,Leah,Bernuzzi,lbernuzziiq@altervista.org,Female,54.160.244.84,Budget/Accounting Analyst IV
676,Willi,Fortnum,wfortnumir@yahoo.co.jp,Female,176.167.207.137,Data Coordiator
677,Gloria,Feldklein,gfeldkleinis@cisco.com,Female,179.244.118.155,Help Desk Operator
678,Baird,Wildes,bwildesit@cnet.com,Male,154.149.95.12,Chief Design Engineer
679,Alwyn,Balharrie,abalharrieiu@businessinsider.com,Male,143.109.153.25,Information Systems Manager
680,Brennen,Caudrelier,bcaudrelieriv@deliciousdays.com,Male,30.40.167.1,Clinical Specialist
681,Thurstan,Knappe,tknappeiw@mysql.com,Male,201.100.7.111,Senior Cost Accountant
682,Shane,Van der Beek,svanderbeekix@google.pl,Female,209.126.178.41,Data Coordiator
683,Nancie,Tuftin,ntuftiniy@youtu.be,Female,206.119.14.114,Chief Design Engineer
684,Gearard,Styche,gstycheiz@etsy.com,Male,27.254.214.220,Executive Secretary
685,Tabb,Boardman,tboardmanj0@indiegogo.com,Male,52.170.15.46,Occupational Therapist
686,Erasmus,Prettyjohn,eprettyjohnj1@altervista.org,Male,133.181.5.254,Editor
687,Hayward,Hatje,hhatjej2@blogs.com,Male,197.67.167.101,Staff Accountant IV
688,Andres,Marzelli,amarzellij3@unc.edu,Male,84.251.76.180,Electrical Engineer
689,Emelen,Lamonby,elamonbyj4@geocities.jp,Male,152.67.8.205,Chemical Engineer
690,Celisse,Clell,cclellj5@chicagotribune.com,Female,143.26.109.76,Recruiter
691,Damaris,Kerwood,dkerwoodj6@cbslocal.com,Female,247.209.97.230,Chief Design Engineer
692,Briant,Normavill,bnormavillj7@storify.com,Male,200.104.105.226,Help Desk Technician
693,Tam,Bonick,tbonickj8@sina.com.cn,Male,254.56.2.2,Social Worker
694,Antoni,Drogan,adroganj9@bbb.org,Male,67.198.206.176,Payment Adjustment Coordinator
695,Lek,Jerok,ljerokja@chronoengine.com,Male,115.159.205.146,Recruiter
696,Page,Anfonsi,panfonsijb@state.gov,Male,148.248.117.110,Account Coordinator
697,Chrissy,Riccione,criccionejc@telegraph.co.uk,Male,157.152.241.232,Editor
698,Freedman,Jarville,fjarvillejd@ning.com,Genderqueer,240.78.135.138,Administrative Officer
699,Sephira,Derdes,sderdesje@wunderground.com,Female,189.34.21.196,Research Assistant IV
700,Amalita,Jursch,ajurschjf@fotki.com,Female,98.254.201.104,Programmer Analyst IV
701,Mariska,Leythley,mleythleyjg@umich.edu,Female,251.175.218.32,Sales Associate
702,Ulberto,Edgcombe,uedgcombejh@yahoo.com,Male,24.53.7.175,Human Resources Manager
703,Correna,Croke,ccrokeji@princeton.edu,Female,120.151.125.138,Operator
704,Annadiana,Dudliston,adudlistonjj@feedburner.com,Female,245.70.119.240,Technical Writer
705,Amalea,Mowat,amowatjk@goo.gl,Female,52.135.176.141,VP Product Management
706,Margarete,Coopey,mcoopeyjl@github.io,Female,113.105.227.153,Speech Pathologist
707,Nomi,Harder,nharderjm@nymag.com,Female,48.119.236.124,Database Administrator III
708,Gena,Samms,gsammsjn@ft.com,Female,5.240.182.166,Programmer Analyst IV
709,Andree,Strelitz,astrelitzjo@nih.gov,Female,77.159.123.120,Senior Cost Accountant
710,Jessee,Blundin,jblundinjp@feedburner.com,Male,59.63.191.134,Information Systems Manager
711,Patrice,Beecroft,pbeecroftjq@webs.com,Male,198.171.99.206,Computer Systems Analyst I
712,Scott,Mottershaw,smottershawjr@dedecms.com,Male,204.238.69.104,Accounting Assistant III
713,Vivia,Metson,vmetsonjs@1688.com,Female,234.175.68.187,Chemical Engineer
714,Skell,Porrett,sporrettjt@nature.com,Male,103.200.126.60,Desktop Support Technician
715,Felicity,Cobbing,fcobbingju@nba.com,Female,188.72.2.158,Payment Adjustment Coordinator
716,Gallagher,Porteous,gporteousjv@nationalgeographic.com,Agender,160.164.147.99,Registered Nurse
717,Renaldo,Hildred,rhildredjw@opensource.org,Male,73.72.5.174,Senior Quality Engineer
718,Josias,Dahlgren,jdahlgrenjx@creativecommons.org,Male,252.133.148.74,Marketing Manager
719,Flora,Huxter,fhuxterjy@ebay.com,Female,53.89.163.229,Speech Pathologist
720,Korey,Sphinxe,ksphinxejz@behance.net,Male,206.97.53.225,Senior Developer
721,Powell,Halwill,phalwillk0@google.com.br,Genderfluid,236.57.245.69,Speech Pathologist
722,Hymie,Barnett,hbarnettk1@si.edu,Male,247.220.245.72,Software Engineer IV
723,Archibaldo,Obal,aobalk2@friendfeed.com,Male,101.208.121.224,Geologist I
724,Ban,Getcliffe,bgetcliffek3@dot.gov,Male,66.44.64.143,Biostatistician IV
725,Northrup,Dollin,ndollink4@vinaora.com,Male,51.113.230.140,Software Engineer II
726,Dionis,Nano,dnanok5@globo.com,Female,220.6.77.13,Internal Auditor
727,Jonis,Screas,jscreask6@devhub.com,Female,239.129.3.148,Research Assistant IV
728,Madalyn,Lavalde,mlavaldek7@intel.com,Female,102.202.3.245,VP Sales
729,Laughton,Arnholtz,larnholtzk8@etsy.com,Male,99.236.161.234,Marketing Manager
730,Rhea,Puddefoot,rpuddefootk9@quantcast.com,Agender,231.130.129.77,Speech Pathologist
731,Tressa,Matusevich,tmatusevichka@freewebs.com,Female,244.204.232.182,Database Administrator II
732,Harbert,McKniely,hmcknielykb@imageshack.us,Male,123.233.61.46,Senior Quality Engineer
733,Alyssa,Dobrowski,adobrowskikc@cisco.com,Female,59.13.125.110,Design Engineer
734,Reta,Petticrow,rpetticrowkd@ask.com,Female,161.39.172.176,Business Systems Development Analyst
735,Aubert,Patience,apatienceke@1688.com,Male,116.120.100.255,Pharmacist
736,Davine,Leon,dleonkf@tumblr.com,Female,188.245.39.19,Health Coach I
737,Willa,Hasely,whaselykg@shareasale.com,Non-binary,163.36.112.106,Paralegal
738,Chrotoem,Meijer,cmeijerkh@mayoclinic.com,Genderfluid,213.113.129.147,Quality Control Specialist
739,Melonie,Stollberg,mstollbergki@flickr.com,Female,46.161.168.76,Sales Representative
740,Willie,Wickie,wwickiekj@joomla.org,Male,118.66.69.174,Junior Executive
741,Meghan,Hecks,mheckskk@howstuffworks.com,Female,210.249.97.68,Product Engineer
742,Jarrett,Sevitt,jsevittkl@shareasale.com,Male,224.236.202.114,Marketing Manager
743,Wilden,Elce,welcekm@ifeng.com,Male,61.240.155.210,Database Administrator III
744,Isabelle,Beaudry,ibeaudrykn@earthlink.net,Genderqueer,96.206.151.5,Occupational Therapist
745,Ryan,Holson,rholsonko@g.co,Male,179.35.145.59,Engineer III
746,Marijo,Sergeant,msergeantkp@mysql.com,Female,181.107.248.43,Marketing Assistant
747,Edi,Assandri,eassandrikq@hhs.gov,Female,114.98.79.63,Senior Quality Engineer
748,Valery,Leavens,vleavenskr@ibm.com,Female,147.206.24.195,Human Resources Manager
749,Edi,Gwalter,egwalterks@wsj.com,Female,188.48.198.182,Recruiting Manager
750,Renate,Garces,rgarceskt@squarespace.com,Genderqueer,189.61.21.120,Technical Writer
751,Deni,Tembridge,dtembridgeku@salon.com,Female,67.25.136.64,Engineer I
752,Harlan,Fearick,hfearickkv@sina.com.cn,Male,84.114.51.115,Systems Administrator IV
753,Sheffie,Christou,schristoukw@de.vu,Male,32.70.216.215,VP Marketing
754,Molly,De Gregoli,mdegregolikx@skyrock.com,Genderfluid,222.183.72.52,Health Coach II
755,Grier,Rotter,grotterky@telegraph.co.uk,Genderqueer,234.157.220.226,Statistician III
756,Fredrick,Wordesworth,fwordesworthkz@intel.com,Male,214.155.127.180,Analog Circuit Design manager
757,Galina,Tearney,gtearneyl0@shinystat.com,Non-binary,226.247.41.214,Cost Accountant
758,Ardis,Samwaye,asamwayel1@seesaa.net,Female,133.134.4.190,Internal Auditor
759,Terrijo,Penddreth,tpenddrethl2@bloglovin.com,Female,39.94.185.27,Research Nurse
760,Ardisj,Drexel,adrexell3@thetimes.co.uk,Bigender,246.172.233.92,Technical Writer
761,Emmalee,Finden,efindenl4@sfgate.com,Female,66.36.227.231,VP Accounting
762,Cristen,Daft,cdaftl5@dagondesign.com,Female,122.228.53.67,Graphic Designer
763,Cozmo,Mulcaster,cmulcasterl6@eventbrite.com,Male,199.176.138.105,Information Systems Manager
764,Vassily,Myner,vmynerl7@phpbb.com,Genderqueer,205.83.58.47,Marketing Manager
765,Maighdiln,Vango,mvangol8@paypal.com,Female,211.6.24.21,Systems Administrator III
766,Renee,Slowgrove,rslowgrovel9@oakley.com,Female,133.181.15.12,Human Resources Manager
767,Lorelei,Kingsley,lkingsleyla@sina.com.cn,Polygender,252.39.238.101,Computer Systems Analyst I
768,Berti,Halle,bhallelb@symantec.com,Male,178.173.110.139,Environmental Specialist
769,Gannie,Buckenhill,gbuckenhilllc@sakura.ne.jp,Polygender,16.143.47.213,Accounting Assistant III
770,Ada,Goodbur,agoodburld@virginia.edu,Female,100.252.184.55,Assistant Manager
771,Tito,Farrens,tfarrensle@vk.com,Male,26.126.140.54,Cost Accountant
772,Lombard,Connor,lconnorlf@tinypic.com,Male,228.121.255.184,Business Systems Development Analyst
773,Siobhan,Reboul,sreboullg@army.mil,Female,145.246.227.112,Web Developer II
774,Eamon,Mazzilli,emazzillilh@netlog.com,Bigender,8.109.248.224,Nurse Practicioner
775,Edita,Lowes,elowesli@sakura.ne.jp,Female,231.230.57.201,Financial Analyst
776,Zarah,Temby,ztembylj@ehow.com,Female,246.56.244.77,Paralegal
777,Judy,Tipping,jtippinglk@marriott.com,Female,202.246.101.108,Accounting Assistant I
778,Briana,Waeland,bwaelandll@nyu.edu,Female,17.136.13.29,Nurse
779,Pren,Detheridge,pdetheridgelm@sphinn.com,Male,244.27.63.208,VP Sales
780,Katerina,Alejo,kalejoln@topsy.com,Female,126.93.204.61,Sales Representative
781,Cecilius,McBay,cmcbaylo@liveinternet.ru,Male,59.189.238.107,Product Engineer
782,Saudra,Croux,scrouxlp@elpais.com,Female,108.12.6.248,Programmer Analyst IV
783,Esmeralda,Cowtherd,ecowtherdlq@arizona.edu,Female,207.35.237.46,Developer IV
784,Hagen,Edon,hedonlr@pinterest.com,Male,60.2.146.210,Budget/Accounting Analyst IV
785,Isidore,Celiz,icelizls@cnet.com,Male,35.212.109.115,Web Developer II
786,Paxton,Jerrans,pjerranslt@house.gov,Male,33.135.139.66,Associate Professor
787,Josey,Llewelly,jllewellylu@t-online.de,Female,237.248.197.164,Paralegal
788,Celie,Mulcaster,cmulcasterlv@deviantart.com,Genderqueer,191.224.163.85,Senior Editor
789,Hakim,Crippell,hcrippelllw@w3.org,Male,218.144.184.102,Help Desk Technician
790,Corella,Peffer,cpefferlx@topsy.com,Female,253.50.27.194,Professor
791,Olly,Upstone,oupstonely@stumbleupon.com,Female,237.238.240.164,Professor
792,Bunnie,Mensler,bmenslerlz@noaa.gov,Female,245.79.36.125,Business Systems Development Analyst
793,Jenda,Titchard,jtitchardm0@cornell.edu,Female,23.65.9.94,GIS Technical Architect
794,Roby,Comberbach,rcomberbachm1@baidu.com,Bigender,109.200.214.202,Financial Analyst
795,Lev,Kleehuhler,lkleehuhlerm2@meetup.com,Male,177.164.228.130,VP Accounting
796,Lanie,Garrould,lgarrouldm3@wufoo.com,Female,208.19.151.242,Structural Engineer
797,Fabiano,MacCostigan,fmaccostiganm4@hatena.ne.jp,Male,41.131.238.137,Developer II
798,Benny,Fairhead,bfairheadm5@berkeley.edu,Male,172.152.62.207,Payment Adjustment Coordinator
799,Kin,Benedick,kbenedickm6@reuters.com,Genderfluid,84.135.128.161,Dental Hygienist
800,Waylon,Thiese,wthiesem7@instagram.com,Male,14.51.144.66,Accounting Assistant IV
801,Florette,Chartres,fchartresm8@goo.gl,Female,5.226.207.134,Executive Secretary
802,Candra,Skingle,cskinglem9@phoca.cz,Female,139.23.106.197,VP Product Management
803,Gamaliel,Goodwyn,ggoodwynma@hhs.gov,Male,192.245.191.244,Occupational Therapist
804,Georgiana,Roller,grollermb@spotify.com,Female,54.231.226.184,Senior Editor
805,Claire,Spalding,cspaldingmc@hao123.com,Male,65.128.248.132,Engineer II
806,Mariya,Stooke,mstookemd@intel.com,Genderfluid,76.48.96.51,Marketing Manager
807,Deny,Darcy,ddarcyme@prweb.com,Non-binary,186.180.49.168,Database Administrator III
808,Thia,Avrahm,tavrahmmf@rambler.ru,Female,41.42.132.7,Engineer I
809,Kyrstin,Ethridge,kethridgemg@themeforest.net,Female,118.30.62.196,Programmer Analyst IV
810,Travus,Perrington,tperringtonmh@ycombinator.com,Male,51.252.37.218,Internal Auditor
811,Alma,Tonepohl,atonepohlmi@360.cn,Female,148.169.253.171,Operator
812,Kathe,Hillitt,khillittmj@dot.gov,Female,176.69.152.29,Executive Secretary
813,Kial,Mahoney,kmahoneymk@ucoz.com,Female,13.168.176.29,Senior Editor
814,Tessa,Vasyutin,tvasyutinml@vkontakte.ru,Female,86.132.2.108,Civil Engineer
815,Eldon,Delieu,edelieumm@live.com,Male,161.246.42.58,Environmental Tech
816,Moselle,Pigne,mpignemn@weibo.com,Female,190.193.10.199,Environmental Specialist
817,Nicki,Skyrm,nskyrmmo@imageshack.us,Female,142.108.93.45,Accounting Assistant IV
818,Lynea,Turrell,lturrellmp@desdev.cn,Female,213.96.242.133,Mechanical Systems Engineer
819,Agnesse,Paddemore,apaddemoremq@google.com.au,Female,126.184.15.54,Administrative Assistant III
820,Ernestus,Cheverton,echevertonmr@usda.gov,Male,199.2.154.158,Environmental Specialist
821,Farrand,Piche,fpichems@jimdo.com,Female,194.106.39.100,Media Manager IV
822,Shelbi,Vear,svearmt@wisc.edu,Female,96.32.12.148,Recruiting Manager
823,Lacee,Foottit,lfoottitmu@hud.gov,Female,214.131.186.67,Health Coach III
824,Abigale,Readitt,areadittmv@aol.com,Female,178.34.220.138,Web Designer III
825,Megen,Doiley,mdoileymw@microsoft.com,Female,237.238.7.60,Dental Hygienist
826,Klara,Wilkowski,kwilkowskimx@desdev.cn,Female,98.77.219.206,Civil Engineer
827,Sophie,Semorad,ssemoradmy@pen.io,Female,14.131.214.213,Executive Secretary
828,Arlie,Wards,awardsmz@photobucket.com,Female,132.252.131.94,Senior Sales Associate
829,Aarika,Minchindon,aminchindonn0@patch.com,Female,169.90.169.44,VP Product Management
830,Levy,Vowells,lvowellsn1@usa.gov,Genderqueer,151.44.91.59,VP Product Management
831,Julius,Safell,jsafelln2@barnesandnoble.com,Male,120.234.101.224,Paralegal
832,Cristian,Bere,cberen3@biglobe.ne.jp,Male,149.145.8.165,Technical Writer
833,Anabella,Beak,abeakn4@cargocollective.com,Female,232.146.211.222,Cost Accountant
834,Danyelle,Abrashkin,dabrashkinn5@sina.com.cn,Non-binary,249.1.141.66,Nuclear Power Engineer
835,Ibbie,Llewellyn,illewellynn6@ucoz.ru,Bigender,156.107.36.201,General Manager
836,Dody,Harrow,dharrown7@digg.com,Female,190.0.4.253,Clinical Specialist
837,Ebeneser,Papworth,epapworthn8@barnesandnoble.com,Male,191.160.220.63,VP Quality Control
838,Lawry,Bafford,lbaffordn9@flickr.com,Male,137.124.170.101,General Manager
839,Zorine,Craine,zcrainena@behance.net,Female,72.87.234.204,Marketing Manager
840,Yolanda,Devas,ydevasnb@cam.ac.uk,Female,103.191.74.195,Tax Accountant
841,Ransom,Kennham,rkennhamnc@eepurl.com,Male,185.176.72.117,Executive Secretary
842,Leonora,Laurance,llaurancend@webmd.com,Female,14.249.247.133,Programmer Analyst IV
843,Desi,Liven,dlivenne@pen.io,Male,91.38.93.75,Tax Accountant
844,Romola,Baffin,rbaffinnf@guardian.co.uk,Agender,195.120.106.55,Software Consultant
845,Foster,Kennally,fkennallyng@prweb.com,Male,171.143.93.242,Senior Sales Associate
846,Craig,Merrgan,cmerrgannh@t-online.de,Bigender,85.82.1.140,Statistician II
847,Noble,Lanfer,nlanferni@ebay.com,Male,61.136.5.41,Civil Engineer
848,Brit,Hutchinson,bhutchinsonnj@cornell.edu,Male,206.238.225.154,Senior Sales Associate
849,Piggy,McChesney,pmcchesneynk@sourceforge.net,Male,88.208.253.210,Internal Auditor
850,Tiff,Zarb,tzarbnl@123-reg.co.uk,Bigender,0.131.234.130,VP Accounting
851,Antoinette,Vasiltsov,avasiltsovnm@i2i.jp,Female,67.54.132.3,Safety Technician III
852,Garnet,Dyneley,gdyneleynn@fda.gov,Female,170.95.89.6,Nurse Practicioner
853,Durward,Ricciardiello,dricciardiellono@freewebs.com,Male,218.209.10.113,Professor
854,Finlay,Livock,flivocknp@admin.ch,Male,226.221.216.84,Social Worker
855,Cherida,Rilings,crilingsnq@pagesperso-orange.fr,Female,155.162.65.127,Safety Technician IV
856,Justinian,Dinnage,jdinnagenr@vk.com,Male,60.219.254.14,Environmental Specialist
857,Georgina,Klosa,gklosans@qq.com,Female,125.141.145.124,Sales Representative
858,Christen,Perutto,cperuttont@howstuffworks.com,Female,65.238.42.52,Budget/Accounting Analyst III
859,Freeland,Geroldini,fgeroldininu@skyrock.com,Bigender,137.106.242.239,Senior Quality Engineer
860,Adi,Ferrelli,aferrellinv@mac.com,Female,107.237.100.2,Tax Accountant
861,Jill,Robker,jrobkernw@fda.gov,Female,160.52.49.229,Help Desk Technician
862,Jaimie,Barde,jbardenx@irs.gov,Female,133.108.150.80,Help Desk Technician
863,Rees,Kershow,rkershowny@columbia.edu,Male,52.149.179.223,Computer Systems Analyst I
864,Lancelot,Mival,lmivalnz@sun.com,Male,102.254.137.122,Payment Adjustment Coordinator
865,Alfy,Nelson,anelsono0@opera.com,Female,133.62.17.83,Sales Representative
866,Katti,Rivalland,krivallando1@theglobeandmail.com,Female,50.155.245.252,Analog Circuit Design manager
867,Russ,Lieb,rliebo2@cornell.edu,Male,208.30.153.7,Account Executive
868,Leeland,Pawel,lpawelo3@blogger.com,Male,170.16.185.227,Graphic Designer
869,Francyne,Brown,fbrowno4@icq.com,Female,207.211.128.80,Financial Advisor
870,Nelli,Pyett,npyetto5@mysql.com,Female,250.166.189.69,Business Systems Development Analyst
871,Dulcinea,Sydall,dsydallo6@techcrunch.com,Female,141.82.190.210,Programmer III
872,Ruthy,Skillett,rskilletto7@nba.com,Non-binary,167.153.172.194,Software Test Engineer IV
873,Jess,Wrightson,jwrightsono8@opensource.org,Male,77.108.132.93,Senior Developer
874,Carlin,Georgi,cgeorgio9@usnews.com,Female,169.188.221.130,Statistician III
875,Katrinka,Domnin,kdomninoa@dailymail.co.uk,Female,236.222.164.11,Sales Associate
876,Amos,Mingasson,amingassonob@woothemes.com,Male,49.233.129.185,Operator
877,Blakelee,Wattingham,bwattinghamoc@reuters.com,Bigender,96.71.108.37,Senior Developer
878,Marjorie,Burnyeat,mburnyeatod@surveymonkey.com,Female,144.104.15.224,Chemical Engineer
879,Rafaelia,Kerrane,rkerraneoe@fda.gov,Female,206.232.171.190,Technical Writer
880,Rakel,O'Cahill,rocahillof@japanpost.jp,Female,196.255.199.158,Help Desk Operator
881,Alvinia,Horche,ahorcheog@webeden.co.uk,Female,15.241.146.104,Sales Associate
882,Clayborne,Glasspool,cglasspooloh@ebay.co.uk,Male,37.188.96.50,Quality Control Specialist
883,Kimbra,Horribine,khorribineoi@jimdo.com,Female,199.4.33.255,Nurse Practicioner
884,Dieter,Amar,damaroj@acquirethisname.com,Male,235.76.41.20,Teacher
885,Krissy,Vanns,kvannsok@sakura.ne.jp,Female,188.187.74.166,Graphic Designer
886,Zedekiah,Schober,zschoberol@ask.com,Male,215.124.3.136,Budget/Accounting Analyst I
887,Murielle,Champe,mchampeom@cmu.edu,Female,24.193.247.103,Nurse Practicioner
888,Costa,MacCarter,cmaccarteron@mozilla.com,Male,62.253.20.105,Analog Circuit Design manager
889,Addy,Tomek,atomekoo@prnewswire.com,Male,219.201.113.141,Geological Engineer
890,Egbert,Algate,ealgateop@i2i.jp,Male,152.86.145.85,Senior Editor
891,Verena,Titley,vtitleyoq@sina.com.cn,Female,240.248.109.168,Internal Auditor
892,Albrecht,Rawling,arawlingor@domainmarket.com,Bigender,183.167.239.121,Junior Executive
893,Gabriello,Bovingdon,gbovingdonos@noaa.gov,Male,207.53.156.97,Software Engineer I
894,Barney,Tees,bteesot@qq.com,Male,87.133.242.93,Structural Analysis Engineer
895,Raina,Elbourn,relbournou@shutterfly.com,Female,52.58.20.205,Administrative Assistant II
896,Shepard,Trowbridge,strowbridgeov@timesonline.co.uk,Male,103.234.195.244,Assistant Media Planner
897,Gwenette,Fittes,gfittesow@opera.com,Female,140.130.203.65,Dental Hygienist
898,Joey,Arnefield,jarnefieldox@ihg.com,Male,125.51.224.220,VP Product Management
899,Cortie,Finneran,cfinneranoy@nyu.edu,Male,233.227.183.195,Engineer II
900,Drusilla,Scruby,dscrubyoz@domainmarket.com,Non-binary,155.59.43.179,Quality Engineer
901,Estella,Sawbridge,esawbridgep0@dedecms.com,Female,45.169.111.21,Desktop Support Technician
902,Enrique,Wallege,ewallegep1@twitpic.com,Male,129.105.219.205,Clinical Specialist
903,Ara,Ziems,aziemsp2@example.com,Agender,246.16.83.155,Human Resources Manager
904,Liuka,Fobidge,lfobidgep3@si.edu,Female,69.166.32.108,Recruiter
905,Melva,Probat,mprobatp4@wunderground.com,Female,135.195.224.249,Assistant Professor
906,Hogan,Romanet,hromanetp5@netlog.com,Male,205.117.24.215,Structural Analysis Engineer
907,Thayne,Christall,tchristallp6@about.com,Male,110.108.184.41,Assistant Media Planner
908,Rollo,Dunstan,rdunstanp7@mysql.com,Male,211.126.37.164,Senior Cost Accountant
909,Gerek,Matousek,gmatousekp8@omniture.com,Male,101.204.62.206,Geological Engineer
910,Cos,Boyet,cboyetp9@nature.com,Male,249.105.5.255,Financial Analyst
911,Liana,Stanyer,lstanyerpa@google.com.au,Genderfluid,249.206.254.106,Web Developer III
912,Aurel,Kobieriecki,akobierieckipb@paypal.com,Female,64.5.70.80,Structural Analysis Engineer
913,Sylvan,Schukert,sschukertpc@dot.gov,Male,175.59.99.235,Web Designer IV
914,Kala,Cornuau,kcornuaupd@imageshack.us,Female,16.179.187.221,Analyst Programmer
915,Cointon,Poulett,cpoulettpe@desdev.cn,Male,185.202.166.86,Analog Circuit Design manager
916,Maryl,Cridlin,mcridlinpf@discuz.net,Female,39.81.39.87,Media Manager II
917,Fernanda,Fookes,ffookespg@buzzfeed.com,Female,161.229.212.243,Junior Executive
918,Ethelred,Winckles,ewincklesph@dedecms.com,Male,38.167.119.16,Senior Sales Associate
919,Ethelred,Bront,ebrontpi@deviantart.com,Male,230.63.51.89,Account Executive
920,Keir,Elleyne,kelleynepj@vk.com,Male,59.7.91.166,Director of Sales
921,Haze,McGuirk,hmcguirkpk@goo.gl,Male,20.51.13.209,Computer Systems Analyst II
922,Vivyanne,Tugman,vtugmanpl@fc2.com,Female,234.209.180.161,Actuary
923,Johnnie,Cradduck,jcradduckpm@fda.gov,Male,115.103.199.177,Information Systems Manager
924,Herold,Rumford,hrumfordpn@senate.gov,Male,37.65.226.229,General Manager
925,Barth,Matejka,bmatejkapo@xrea.com,Male,226.86.6.137,Engineer III
926,Mallory,Baskett,mbaskettpp@alexa.com,Female,8.56.146.71,Design Engineer
927,Worthy,Alldritt,walldrittpq@g.co,Male,156.243.203.245,Sales Representative
928,Yelena,Dartan,ydartanpr@springer.com,Female,130.198.107.218,Electrical Engineer
929,Hodge,Dyhouse,hdyhouseps@reuters.com,Male,122.56.167.220,Database Administrator III
930,Ariadne,Gannicott,agannicottpt@thetimes.co.uk,Female,110.92.39.244,Civil Engineer
931,Hilario,Clayhill,hclayhillpu@epa.gov,Male,58.93.241.238,Senior Cost Accountant
932,Jayme,Gheraldi,jgheraldipv@comsenz.com,Female,235.122.83.121,Web Developer III
933,Tisha,Gaven,tgavenpw@youtu.be,Female,8.214.107.95,Computer Systems Analyst IV
934,Tobye,Frear,tfrearpx@devhub.com,Female,235.178.33.108,Electrical Engineer
935,Druci,Deehan,ddeehanpy@nhs.uk,Female,107.163.14.183,Tax Accountant
936,Darcey,Blader,dbladerpz@npr.org,Female,162.232.142.244,Speech Pathologist
937,Melodie,Gayther,mgaytherq0@github.io,Female,13.233.157.155,Senior Financial Analyst
938,Sapphire,Kenewell,skenewellq1@unc.edu,Female,100.72.54.168,Graphic Designer
939,Tine,Humby,thumbyq2@blog.com,Female,3.67.0.89,Research Nurse
940,Janela,Tordoff,jtordoffq3@feedburner.com,Female,220.64.235.145,Research Associate
941,Marven,Dwelling,mdwellingq4@over-blog.com,Male,172.72.39.167,Programmer Analyst III
942,Vivyan,Flatley,vflatleyq5@ucoz.ru,Female,205.67.181.64,GIS Technical Architect
943,Berk,Sauvain,bsauvainq6@over-blog.com,Non-binary,190.73.236.95,Librarian
944,Silvie,Vorley,svorleyq7@phoca.cz,Female,87.98.187.254,Legal Assistant
945,Kane,Sargeaunt,ksargeauntq8@fda.gov,Male,244.80.164.100,Civil Engineer
946,Stacee,Dillistone,sdillistoneq9@jiathis.com,Genderqueer,11.21.4.27,Executive Secretary
947,Vikki,Warde,vwardeqa@marriott.com,Female,73.92.127.212,Software Consultant
948,Wilma,Bratley,wbratleyqb@ifeng.com,Female,165.117.61.187,Assistant Manager
949,Sterne,Warder,swarderqc@columbia.edu,Male,181.116.123.143,Accounting Assistant III
950,Danit,Fulmen,dfulmenqd@twitpic.com,Female,252.85.191.236,Geological Engineer
951,Stephanus,Rentoll,srentollqe@webmd.com,Male,242.4.130.193,Media Manager IV
952,Kelsey,Hatchman,khatchmanqf@mail.ru,Female,12.138.233.235,Information Systems Manager
953,Marlane,McAleese,mmcaleeseqg@intel.com,Female,19.34.173.245,Programmer Analyst III
954,Conrade,Robertz,crobertzqh@un.org,Male,110.225.6.26,Associate Professor
955,Dotty,Denisard,ddenisardqi@instagram.com,Female,198.232.167.114,Web Developer III
956,Ivory,Golt,igoltqj@cam.ac.uk,Female,248.21.16.114,Human Resources Assistant II
957,Delmer,Kirkland,dkirklandqk@google.com,Agender,73.102.211.133,Recruiting Manager
958,Gamaliel,Jermin,gjerminql@newyorker.com,Genderqueer,60.62.76.75,Recruiting Manager
959,Deidre,Dalrymple,ddalrympleqm@list-manage.com,Female,10.217.56.69,Actuary
960,Nesta,Nowak,nnowakqn@columbia.edu,Female,166.7.182.93,Business Systems Development Analyst
961,Karoly,Dulson,kdulsonqo@qq.com,Male,154.144.24.129,Cost Accountant
962,Joyann,Logsdail,jlogsdailqp@nsw.gov.au,Female,156.5.191.109,Software Consultant
963,Howie,Bouldon,hbouldonqq@globo.com,Male,149.36.189.160,Nuclear Power Engineer
964,Howard,Deneve,hdeneveqr@printfriendly.com,Male,205.11.67.66,Web Designer II
965,Theo,Loudiane,tloudianeqs@ted.com,Male,114.98.154.203,Database Administrator II
966,Bradly,Zeale,bzealeqt@tinyurl.com,Male,156.71.16.160,Senior Cost Accountant
967,Augy,Gouny,agounyqu@sfgate.com,Male,60.89.109.55,Technical Writer
968,Danice,Dowglass,ddowglassqv@arizona.edu,Female,98.137.193.246,Professor
969,Leila,Romera,lromeraqw@mac.com,Female,239.214.101.234,Compensation Analyst
970,Hatti,Philipp,hphilippqx@purevolume.com,Genderfluid,201.95.233.107,Physical Therapy Assistant
971,Torin,Kynforth,tkynforthqy@cisco.com,Male,71.249.207.67,Assistant Media Planner
972,Xylia,Maddie,xmaddieqz@wp.com,Female,194.21.185.9,Account Representative I
973,Elysia,Bagley,ebagleyr0@delicious.com,Polygender,193.210.140.32,Engineer III
974,Adamo,Biscomb,abiscombr1@sakura.ne.jp,Male,253.29.229.191,Media Manager I
975,Andriana,Defrain,adefrainr2@mtv.com,Female,165.120.146.109,Accountant I
976,Jorie,Trangmar,jtrangmarr3@guardian.co.uk,Female,238.47.8.153,Financial Analyst
977,Buck,Saltern,bsalternr4@npr.org,Male,217.122.111.207,Senior Quality Engineer
978,Regine,Reolfo,rreolfor5@google.com.br,Genderfluid,132.216.61.72,Electrical Engineer
979,Ryun,Grunwall,rgrunwallr6@earthlink.net,Male,114.115.66.23,Software Engineer II
980,Paulina,Epdell,pepdellr7@linkedin.com,Female,146.218.123.61,Software Engineer III
981,Charin,Riha,crihar8@geocities.jp,Female,228.40.134.112,Mechanical Systems Engineer
982,Winifield,McRobert,wmcrobertr9@google.com,Male,193.162.193.178,Cost Accountant
983,Gayler,Shasnan,gshasnanra@cpanel.net,Male,234.248.177.255,Electrical Engineer
984,Edeline,Osborne,eosbornerb@apple.com,Female,13.12.13.150,Automation Specialist III
985,Willem,Stubs,wstubsrc@un.org,Male,64.123.101.202,Environmental Specialist
986,Inness,Hamments,ihammentsrd@exblog.jp,Male,169.69.13.113,Registered Nurse
987,Skippie,Byrne,sbyrnere@google.com.au,Male,225.22.44.163,Administrative Officer
988,Gerty,Dominik,gdominikrf@statcounter.com,Female,179.44.227.200,Account Coordinator
989,Scotty,Bartolomeu,sbartolomeurg@aboutads.info,Male,180.188.160.197,Database Administrator I
990,Gwenny,Catterell,gcatterellrh@bloomberg.com,Female,218.24.57.199,Compensation Analyst
991,Yulma,Stammers,ystammersri@ibm.com,Male,64.93.118.120,Pharmacist
992,Kleon,Bayston,kbaystonrj@hubpages.com,Male,221.173.245.54,Human Resources Manager
993,Chadd,Ambroz,cambrozrk@globo.com,Male,63.98.212.140,Account Representative IV
994,Noll,Branca,nbrancarl@phpbb.com,Male,18.120.158.227,Assistant Media Planner
995,Frants,Schach,fschachrm@abc.net.au,Male,179.110.59.186,Speech Pathologist
996,Emanuel,Consadine,econsadinern@reuters.com,Male,62.44.0.131,Web Developer IV
997,Glenn,Pell,gpellro@nationalgeographic.com,Non-binary,104.190.176.47,Budget/Accounting Analyst IV
998,Shell,McJarrow,smcjarrowrp@ft.com,Male,33.255.251.37,Senior Financial Analyst
999,Dewain,Forrestall,dforrestallrq@histats.com,Male,121.222.113.171,Accounting Assistant II
1000,Kylynn,MacTague,kmactaguerr@marriott.com,Female,13.24.180.83,Sales Associate
